source_id,rejection_reason,raw_record
21,no_ixp,"{""city"": ""San Francisco"", ""country"": ""US"", ""id"": 21, ""ix_count"": 0, ""latitude"": 37.783322, ""longitude"": -122.392048, ""name"": ""FedConnect San Francisco"", ""net_count"": 0, ""state"": ""CA"", ""status"": ""ok"", ""updated"": ""2025-09-26T22:42:06Z"", ""website"": """"}"
24,no_ixp,"{""city"": ""San Francisco"", ""country"": ""US"", ""id"": 24, ""ix_count"": 0, ""latitude"": 37.780351, ""longitude"": -122.408954, ""name"": ""The Mission Street Center"", ""net_count"": 0, ""state"": ""CA"", ""status"": ""ok"", ""updated"": ""2025-09-26T22:42:06Z"", ""website"": ""https://unitedlayer.com""}"
33,no_ixp,"{""city"": ""San Jose"", ""country"": ""US"", ""id"": 33, ""ix_count"": 0, ""latitude"": 37.333765, ""longitude"": -121.904828, ""name"": ""SVTIX San Jose"", ""net_count"": 3, ""state"": ""CA"", ""status"": ""ok"", ""updated"": ""2025-09-26T22:42:07Z"", ""website"": """"}"
84,no_ixp,"{""city"": ""San Jose"", ""country"": ""US"", ""id"": 84, ""ix_count"": 0, ""latitude"": 37.333885, ""longitude"": -121.889302, ""name"": ""KDWEB San Jose"", ""net_count"": 0, ""state"": ""CA"", ""status"": ""ok"", ""updated"": ""2025-09-26T22:42:12Z"", ""website"": """"}"
103,invalid_coordinates,"{""city"": ""Los Angeles"", ""country"": ""US"", ""id"": 103, ""ix_count"": 1, ""latitude"": null, ""longitude"": null, ""name"": ""Equinix LA5 - Los Angeles"", ""net_count"": 4, ""state"": ""CA"", ""status"": ""ok"", ""updated"": ""2025-09-26T22:42:13Z"", ""website"": ""http://www.equinix.com""}"
147,no_ixp,"{""city"": ""San Jose"", ""country"": ""US"", ""id"": 147, ""ix_count"": 0, ""latitude"": 37.338431, ""longitude"": -121.910133, ""name"": ""Evocative San Jose (SV7)"", ""net_count"": 7, ""state"": ""CA"", ""status"": ""ok"", ""updated"": ""2025-09-26T22:42:17Z"", ""website"": ""http://www.vpls.com""}"
184,no_ixp,"{""city"": ""Chicago"", ""country"": ""US"", ""id"": 184, ""ix_count"": 0, ""latitude"": 41.874302, ""longitude"": -87.629928, ""name"": ""Printer's Square Chicago (600 S Federal)"", ""net_count"": 3, ""state"": ""IL"", ""status"": ""ok"", ""updated"": ""2025-09-26T22:42:21Z"", ""website"": """"}"
209,no_ixp,"{""city"": ""Weehawken"", ""country"": ""US"", ""id"": 209, ""ix_count"": 0, ""latitude"": 40.761825, ""longitude"": -74.025031, ""name"": ""Level(3) Weehawken"", ""net_count"": 2, ""state"": ""NJ"", ""status"": ""ok"", ""updated"": ""2025-09-26T22:42:24Z"", ""website"": ""http://www.lumen.com/""}"
234,no_ixp,"{""city"": ""Knoxville"", ""country"": ""US"", ""id"": 234, ""ix_count"": 0, ""latitude"": 35.965586, ""longitude"": -83.921438, ""name"": ""Peace Communications KNX1"", ""net_count"": 5, ""state"": ""TN"", ""status"": ""ok"", ""updated"": ""2026-07-22T04:10:18Z"", ""website"": ""http://www.peacecom.net""}"
246,no_ixp,"{""city"": ""New York"", ""country"": ""US"", ""id"": 246, ""ix_count"": 0, ""latitude"": 40.726019, ""longitude"": -74.00536, ""name"": ""Looking Glass Networks NYC Node"", ""net_count"": 0, ""state"": ""NY"", ""status"": ""ok"", ""updated"": ""2025-09-26T22:42:28Z"", ""website"": """"}"
249,no_ixp,"{""city"": ""Atlanta"", ""country"": ""US"", ""id"": 249, ""ix_count"": 0, ""latitude"": 33.765138, ""longitude"": -84.383731, ""name"": ""Level(3) Atlanta (Courtland)"", ""net_count"": 3, ""state"": ""GA"", ""status"": ""ok"", ""updated"": ""2025-09-26T22:42:28Z"", ""website"": ""http://www.lumen.com/""}"
250,no_ixp,"{""city"": ""Chicago"", ""country"": ""US"", ""id"": 250, ""ix_count"": 0, ""latitude"": 41.880436, ""longitude"": -87.639611, ""name"": ""Level(3) Chicago (Canal)"", ""net_count"": 3, ""state"": ""IL"", ""status"": ""ok"", ""updated"": ""2025-09-26T22:42:28Z"", ""website"": ""http://www.lumen.com/""}"
256,no_ixp,"{""city"": ""Albuquerque"", ""country"": ""US"", ""id"": 256, ""ix_count"": 0, ""latitude"": 35.084663, ""longitude"": -106.650102, ""name"": ""ServerCondo-219 Albuquerque"", ""net_count"": 0, ""state"": ""NM"", ""status"": ""ok"", ""updated"": ""2025-09-26T22:42:29Z"", ""website"": """"}"
268,no_ixp,"{""city"": ""Pittsburgh"", ""country"": ""US"", ""id"": 268, ""ix_count"": 0, ""latitude"": 40.447383, ""longitude"": -80.003614, ""name"": ""Citynet Pittsburgh"", ""net_count"": 4, ""state"": ""PA"", ""status"": ""ok"", ""updated"": ""2025-09-26T22:42:30Z"", ""website"": """"}"
273,no_ixp,"{""city"": ""Indianapolis"", ""country"": ""US"", ""id"": 273, ""ix_count"": 0, ""latitude"": 39.759534, ""longitude"": -86.170711, ""name"": ""Citynet Indianapolis"", ""net_count"": 1, ""state"": ""IN"", ""status"": ""ok"", ""updated"": ""2025-09-26T22:42:30Z"", ""website"": """"}"
281,no_ixp,"{""city"": ""Waltham"", ""country"": ""US"", ""id"": 281, ""ix_count"": 0, ""latitude"": 42.395346, ""longitude"": -71.269187, ""name"": ""Equinix BO1 - Boston, Waltham"", ""net_count"": 3, ""state"": ""MA"", ""status"": ""ok"", ""updated"": ""2025-09-26T22:42:31Z"", ""website"": ""http://www.equinix.com""}"
293,no_ixp,"{""city"": ""Santa Clara"", ""country"": ""US"", ""id"": 293, ""ix_count"": 0, ""latitude"": 37.378042, ""longitude"": -121.954136, ""name"": ""Evocative SJC3"", ""net_count"": 14, ""state"": ""CA"", ""status"": ""ok"", ""updated"": ""2025-09-26T22:42:33Z"", ""website"": ""http://www.vpls.com""}"
311,no_ixp,"{""city"": ""Nashville"", ""country"": ""US"", ""id"": 311, ""ix_count"": 0, ""latitude"": 36.102726, ""longitude"": -86.755786, ""name"": ""Level(3) Nashville (Sidco Drive)"", ""net_count"": 4, ""state"": ""TN"", ""status"": ""ok"", ""updated"": ""2025-09-26T22:42:34Z"", ""website"": ""http://www.lumen.com/""}"
312,no_ixp,"{""city"": ""Nashville"", ""country"": ""US"", ""id"": 312, ""ix_count"": 0, ""latitude"": 36.162621, ""longitude"": -86.776316, ""name"": ""IRIS - Nashville"", ""net_count"": 1, ""state"": ""TN"", ""status"": ""ok"", ""updated"": ""2025-09-26T22:42:34Z"", ""website"": """"}"
314,no_ixp,"{""city"": ""Cincinnati"", ""country"": ""US"", ""id"": 314, ""ix_count"": 0, ""latitude"": 39.102789, ""longitude"": -84.517261, ""name"": ""Cincinnatti Bell - West 7th Street"", ""net_count"": 0, ""state"": ""OH"", ""status"": ""ok"", ""updated"": ""2025-09-26T22:42:34Z"", ""website"": """"}"
315,no_ixp,"{""city"": ""Cincinnati"", ""country"": ""US"", ""id"": 315, ""ix_count"": 0, ""latitude"": 39.102533, ""longitude"": -84.50313, ""name"": ""Level(3) Cincinnati"", ""net_count"": 1, ""state"": ""OH"", ""status"": ""ok"", ""updated"": ""2025-09-26T22:42:34Z"", ""website"": ""http://www.lumen.com/""}"
330,no_ixp,"{""city"": ""Jersey City"", ""country"": ""US"", ""id"": 330, ""ix_count"": 0, ""latitude"": 40.726597, ""longitude"": -74.033401, ""name"": ""Newport Financial Center"", ""net_count"": 1, ""state"": ""NJ"", ""status"": ""ok"", ""updated"": ""2025-09-26T22:42:35Z"", ""website"": """"}"
356,no_ixp,"{""city"": ""Brentwood"", ""country"": ""US"", ""id"": 356, ""ix_count"": 0, ""latitude"": 40.784184, ""longitude"": -73.219864, ""name"": ""Crown Castle Brentwood (1650 Islip)"", ""net_count"": 0, ""state"": ""NY"", ""status"": ""ok"", ""updated"": ""2025-09-26T22:42:37Z"", ""website"": ""https://www.crowncastle.com/""}"
362,no_ixp,"{""city"": ""St. Louis"", ""country"": ""US"", ""id"": 362, ""ix_count"": 0, ""latitude"": 38.632728, ""longitude"": -90.195813, ""name"": ""710 Tucker St Louis"", ""net_count"": 4, ""state"": ""MO"", ""status"": ""ok"", ""updated"": ""2025-09-26T22:42:38Z"", ""website"": """"}"
368,no_ixp,"{""city"": ""Nashville"", ""country"": ""US"", ""id"": 368, ""ix_count"": 0, ""latitude"": 36.158837, ""longitude"": -86.772516, ""name"": ""XO Nashville"", ""net_count"": 2, ""state"": ""TN"", ""status"": ""ok"", ""updated"": ""2025-09-26T22:42:38Z"", ""website"": """"}"
378,no_ixp,"{""city"": ""Santa Ana"", ""country"": ""US"", ""id"": 378, ""ix_count"": 0, ""latitude"": 33.729872, ""longitude"": -117.851779, ""name"": ""OCDC Orange County Datacenter Santa Ana"", ""net_count"": 0, ""state"": ""CA"", ""status"": ""ok"", ""updated"": ""2025-09-26T22:42:39Z"", ""website"": ""http://www.vpls.com""}"
379,invalid_coordinates,"{""city"": ""Helena"", ""country"": ""US"", ""id"": 379, ""ix_count"": 0, ""latitude"": null, ""longitude"": null, ""name"": ""iConnect Helena"", ""net_count"": 5, ""state"": ""MT"", ""status"": ""ok"", ""updated"": ""2025-09-26T22:42:39Z"", ""website"": """"}"
380,no_ixp,"{""city"": ""Billings"", ""country"": ""US"", ""id"": 380, ""ix_count"": 0, ""latitude"": 45.781098, ""longitude"": -108.512522, ""name"": ""iConnect Billings Fiber Hotel"", ""net_count"": 7, ""state"": ""MT"", ""status"": ""ok"", ""updated"": ""2025-09-26T22:42:40Z"", ""website"": """"}"
381,no_ixp,"{""city"": ""Missoula"", ""country"": ""US"", ""id"": 381, ""ix_count"": 0, ""latitude"": 46.87101, ""longitude"": -113.989835, ""name"": ""iConnect Missoula"", ""net_count"": 7, ""state"": ""MT"", ""status"": ""ok"", ""updated"": ""2025-09-26T22:42:40Z"", ""website"": """"}"
414,no_ixp,"{""city"": ""San Jose"", ""country"": ""US"", ""id"": 414, ""ix_count"": 0, ""latitude"": 37.332218, ""longitude"": -121.892948, ""name"": ""190 Park Center Plaza San Jose"", ""net_count"": 0, ""state"": ""CA"", ""status"": ""ok"", ""updated"": ""2025-09-26T22:42:43Z"", ""website"": ""https://www.tpx.com/""}"
430,no_ixp,"{""city"": ""Emeryville"", ""country"": ""US"", ""id"": 430, ""ix_count"": 0, ""latitude"": 37.834675, ""longitude"": -122.286597, ""name"": ""Level(3) Oakland"", ""net_count"": 2, ""state"": ""CA"", ""status"": ""ok"", ""updated"": ""2025-09-26T22:42:45Z"", ""website"": ""http://www.lumen.com/""}"
448,no_ixp,"{""city"": ""Bellingham"", ""country"": ""US"", ""id"": 448, ""ix_count"": 0, ""latitude"": 48.757306, ""longitude"": -122.4805, ""name"": ""CSSNW Bellingham"", ""net_count"": 6, ""state"": ""WA"", ""status"": ""ok"", ""updated"": ""2025-09-26T22:42:47Z"", ""website"": ""http://www.cssnw.com""}"
476,no_ixp,"{""city"": ""San Francisco"", ""country"": ""US"", ""id"": 476, ""ix_count"": 0, ""latitude"": 37.788931, ""longitude"": -122.390267, ""name"": ""360 Spear"", ""net_count"": 3, ""state"": ""CA"", ""status"": ""ok"", ""updated"": ""2025-09-26T22:42:50Z"", ""website"": ""http://www.pgimrealestate.com""}"
485,no_ixp,"{""city"": ""Charlotte"", ""country"": ""US"", ""id"": 485, ""ix_count"": 0, ""latitude"": 35.173324, ""longitude"": -80.925975, ""name"": ""Carolina Internet / CaroNet"", ""net_count"": 0, ""state"": ""NC"", ""status"": ""ok"", ""updated"": ""2025-09-26T22:42:51Z"", ""website"": """"}"
507,no_ixp,"{""city"": ""Milwaukee"", ""country"": ""US"", ""id"": 507, ""ix_count"": 0, ""latitude"": 43.039016, ""longitude"": -87.906937, ""name"": ""324 E Wisconsin"", ""net_count"": 7, ""state"": ""WI"", ""status"": ""ok"", ""updated"": ""2025-09-26T22:42:53Z"", ""website"": ""http://www.wellsinterconnection.com/""}"
520,no_ixp,"{""city"": ""Garden City"", ""country"": ""US"", ""id"": 520, ""ix_count"": 0, ""latitude"": 40.73616, ""longitude"": -73.594195, ""name"": ""1101 Stewart Ave, Garden City"", ""net_count"": 0, ""state"": ""NY"", ""status"": ""ok"", ""updated"": ""2025-09-26T22:42:54Z"", ""website"": """"}"
541,no_ixp,"{""city"": ""Seattle"", ""country"": ""US"", ""id"": 541, ""ix_count"": 0, ""latitude"": 47.612139, ""longitude"": -122.340036, ""name"": ""SBTC"", ""net_count"": 3, ""state"": ""WA"", ""status"": ""ok"", ""updated"": ""2025-09-26T22:42:56Z"", ""website"": ""http://sbtccolo.com""}"
548,no_ixp,"{""city"": ""Houston"", ""country"": ""US"", ""id"": 548, ""ix_count"": 0, ""latitude"": 29.741436, ""longitude"": -95.385784, ""name"": ""3500 Garrott"", ""net_count"": 0, ""state"": ""TX"", ""status"": ""ok"", ""updated"": ""2025-09-26T22:42:56Z"", ""website"": """"}"
559,no_ixp,"{""city"": ""Madison"", ""country"": ""US"", ""id"": 559, ""ix_count"": 0, ""latitude"": 43.073336, ""longitude"": -89.386996, ""name"": ""5Nines Data"", ""net_count"": 6, ""state"": ""WI"", ""status"": ""ok"", ""updated"": ""2025-09-26T22:42:57Z"", ""website"": """"}"
560,invalid_coordinates,"{""city"": ""Boca Raton"", ""country"": ""US"", ""id"": 560, ""ix_count"": 2, ""latitude"": null, ""longitude"": null, ""name"": ""365 Data Centers Boca Raton (BC1)"", ""net_count"": 7, ""state"": ""FL"", ""status"": ""ok"", ""updated"": ""2025-09-26T22:42:57Z"", ""website"": ""http://365datacenters.com""}"
579,no_ixp,"{""city"": ""Jersey City"", ""country"": ""US"", ""id"": 579, ""ix_count"": 0, ""latitude"": 40.716892, ""longitude"": -74.03382, ""name"": ""QTS Jersey City (JCY1)"", ""net_count"": 4, ""state"": ""NJ"", ""status"": ""ok"", ""updated"": ""2025-09-26T22:43:00Z"", ""website"": ""http://www.qtsdatacenters.com""}"
593,no_ixp,"{""city"": ""San Francisco"", ""country"": ""US"", ""id"": 593, ""ix_count"": 0, ""latitude"": 37.782582, ""longitude"": -122.391764, ""name"": ""274 Brannan Street"", ""net_count"": 2, ""state"": ""CA"", ""status"": ""ok"", ""updated"": ""2025-09-26T22:43:02Z"", ""website"": """"}"
613,no_ixp,"{""city"": ""Mesa"", ""country"": ""US"", ""id"": 613, ""ix_count"": 0, ""latitude"": 33.421225, ""longitude"": -111.858984, ""name"": ""Centersquare Phoenix (PHX3)"", ""net_count"": 4, ""state"": ""AZ"", ""status"": ""ok"", ""updated"": ""2025-09-26T22:43:06Z"", ""website"": ""https://www.centersquaredc.com/""}"
643,no_ixp,"{""city"": ""Dallas"", ""country"": ""US"", ""id"": 643, ""ix_count"": 0, ""latitude"": 32.807888, ""longitude"": -96.857296, ""name"": ""Colo4Dallas"", ""net_count"": 6, ""state"": ""TX"", ""status"": ""ok"", ""updated"": ""2025-09-26T22:43:09Z"", ""website"": """"}"
739,no_ixp,"{""city"": ""Jersey City"", ""country"": ""US"", ""id"": 739, ""ix_count"": 0, ""latitude"": 40.718534, ""longitude"": -74.037494, ""name"": ""Level(3) Jersey City"", ""net_count"": 0, ""state"": ""NJ"", ""status"": ""ok"", ""updated"": ""2025-09-26T22:43:20Z"", ""website"": ""http://www.lumen.com/""}"
767,no_ixp,"{""city"": ""San Francisco"", ""country"": ""US"", ""id"": 767, ""ix_count"": 0, ""latitude"": 37.77942, ""longitude"": -122.394082, ""name"": ""TelePacific"", ""net_count"": 0, ""state"": ""CA"", ""status"": ""ok"", ""updated"": ""2025-09-26T22:43:23Z"", ""website"": ""https://www.tpx.com/""}"
784,no_ixp,"{""city"": ""Bothell"", ""country"": ""US"", ""id"": 784, ""ix_count"": 0, ""latitude"": 47.779371, ""longitude"": -122.190511, ""name"": ""Kanobe, LLC"", ""net_count"": 1, ""state"": ""WA"", ""status"": ""ok"", ""updated"": ""2025-09-26T22:43:25Z"", ""website"": """"}"
799,no_ixp,"{""city"": ""San Diego"", ""country"": ""US"", ""id"": 799, ""ix_count"": 0, ""latitude"": 32.828068, ""longitude"": -117.129906, ""name"": ""LightEdge San Diego 1 (SAN1)"", ""net_count"": 7, ""state"": ""CA"", ""status"": ""ok"", ""updated"": ""2025-09-26T22:43:26Z"", ""website"": ""http://www.lightedge.com/""}"
800,no_ixp,"{""city"": ""San Diego"", ""country"": ""US"", ""id"": 800, ""ix_count"": 0, ""latitude"": 32.897149, ""longitude"": -117.20105, ""name"": ""LightEdge San Diego 2 (SAN2)"", ""net_count"": 6, ""state"": ""CA"", ""status"": ""ok"", ""updated"": ""2025-09-26T22:43:26Z"", ""website"": ""http://www.lightedge.com/""}"
809,no_ixp,"{""available_voltage_services"": [""48 VDC""], ""city"": ""Bozeman"", ""country"": ""US"", ""id"": 809, ""ix_count"": 0, ""latitude"": 45.680672, ""longitude"": -111.035371, ""name"": ""JSLLC Bozeman"", ""net_count"": 0, ""state"": ""MT"", ""status"": ""ok"", ""updated"": ""2025-09-26T22:43:27Z"", ""website"": ""http://www.jsllc.co/DataCenter.html""}"
829,no_ixp,"{""city"": ""Kansas City"", ""country"": ""US"", ""id"": 829, ""ix_count"": 0, ""latitude"": 39.101138, ""longitude"": -94.578927, ""name"": ""Oak Tower"", ""net_count"": 0, ""state"": ""MO"", ""status"": ""ok"", ""updated"": ""2025-09-26T22:43:28Z"", ""website"": """"}"
855,no_ixp,"{""city"": ""Salt Lake City"", ""country"": ""US"", ""id"": 855, ""ix_count"": 0, ""latitude"": 40.750975, ""longitude"": -111.979876, ""name"": ""XO Salt Lake City IP PoP"", ""net_count"": 1, ""state"": ""UT"", ""status"": ""ok"", ""updated"": ""2025-09-26T22:43:33Z"", ""website"": """"}"
895,no_ixp,"{""city"": ""Philadelphia"", ""country"": ""US"", ""id"": 895, ""ix_count"": 0, ""latitude"": 39.950345, ""longitude"": -75.180048, ""name"": ""Quonix Datacenter (2401 Locust St)"", ""net_count"": 5, ""state"": ""PA"", ""status"": ""ok"", ""updated"": ""2025-09-26T22:43:42Z"", ""website"": ""http://www.quonix.net""}"
941,no_ixp,"{""city"": ""Reston"", ""country"": ""US"", ""id"": 941, ""ix_count"": 0, ""latitude"": 38.951881, ""longitude"": -77.346564, ""name"": ""Flex Data Center"", ""net_count"": 2, ""state"": ""VA"", ""status"": ""ok"", ""updated"": ""2025-09-26T22:43:46Z"", ""website"": ""http://365datacenters.com""}"
942,no_ixp,"{""city"": ""Asheville"", ""country"": ""US"", ""id"": 942, ""ix_count"": 0, ""latitude"": 35.488137, ""longitude"": -82.557785, ""name"": ""Netriplex"", ""net_count"": 0, ""state"": ""NC"", ""status"": ""ok"", ""updated"": ""2025-09-26T22:43:46Z"", ""website"": """"}"
966,no_ixp,"{""city"": ""Los Angeles"", ""country"": ""US"", ""id"": 966, ""ix_count"": 0, ""latitude"": 34.045995, ""longitude"": -118.258993, ""name"": ""800 south hope"", ""net_count"": 4, ""state"": ""CA"", ""status"": ""ok"", ""updated"": ""2025-09-26T22:43:47Z"", ""website"": """"}"
973,no_ixp,"{""available_voltage_services"": [""48 VDC"", ""480 VAC""], ""city"": ""Tucson"", ""country"": ""US"", ""id"": 973, ""ix_count"": 0, ""latitude"": 32.244939, ""longitude"": -110.969165, ""name"": ""Login Tucson"", ""net_count"": 1, ""state"": ""AZ"", ""status"": ""ok"", ""updated"": ""2025-12-05T22:31:13Z"", ""website"": ""https://www.loginbusiness.com""}"
992,no_ixp,"{""city"": ""Lenoir"", ""country"": ""US"", ""id"": 992, ""ix_count"": 0, ""latitude"": 35.922479, ""longitude"": -81.54274, ""name"": ""801 Main Street - Lenoir"", ""net_count"": 1, ""state"": ""NC"", ""status"": ""ok"", ""updated"": ""2025-09-26T22:43:49Z"", ""website"": """"}"
1003,no_ixp,"{""city"": ""Los Angeles"", ""country"": ""US"", ""id"": 1003, ""ix_count"": 0, ""latitude"": 34.04881, ""longitude"": -118.259457, ""name"": ""XO 818 West 7th"", ""net_count"": 0, ""state"": ""CA"", ""status"": ""ok"", ""updated"": ""2025-09-26T22:43:50Z"", ""website"": """"}"
1004,no_ixp,"{""city"": ""Los Angeles"", ""country"": ""US"", ""id"": 1004, ""ix_count"": 0, ""latitude"": 34.047322, ""longitude"": -118.25745, ""name"": ""XO 600 West 7th"", ""net_count"": 0, ""state"": ""CA"", ""status"": ""ok"", ""updated"": ""2025-09-26T22:43:50Z"", ""website"": """"}"
1020,no_ixp,"{""city"": ""Portland"", ""country"": ""US"", ""id"": 1020, ""ix_count"": 0, ""latitude"": 45.521223, ""longitude"": -122.681823, ""name"": ""Digital Fortress (PTL)"", ""net_count"": 5, ""state"": ""OR"", ""status"": ""ok"", ""updated"": ""2025-09-26T22:43:52Z"", ""website"": ""https://digital-fortress.com/""}"
1021,no_ixp,"{""city"": ""Dallas"", ""country"": ""US"", ""id"": 1021, ""ix_count"": 0, ""latitude"": 32.807584, ""longitude"": -96.86816, ""name"": ""Level(3) Dallas"", ""net_count"": 8, ""state"": ""TX"", ""status"": ""ok"", ""updated"": ""2025-09-26T22:43:52Z"", ""website"": ""http://www.lumen.com/""}"
1028,no_ixp,"{""city"": ""Buffalo"", ""country"": ""US"", ""id"": 1028, ""ix_count"": 0, ""latitude"": 42.884227, ""longitude"": -78.875514, ""name"": ""ixColo"", ""net_count"": 2, ""state"": ""NY"", ""status"": ""ok"", ""updated"": ""2025-09-26T22:43:53Z"", ""website"": """"}"
1038,no_ixp,"{""city"": ""Seattle"", ""country"": ""US"", ""id"": 1038, ""ix_count"": 0, ""latitude"": 47.619054, ""longitude"": -122.336393, ""name"": ""Level(3) Seattle (Denny Way)"", ""net_count"": 5, ""state"": ""WA"", ""status"": ""ok"", ""updated"": ""2025-09-26T22:43:53Z"", ""website"": ""http://www.lumen.com/""}"
1049,no_ixp,"{""city"": ""Louisville"", ""country"": ""US"", ""id"": 1049, ""ix_count"": 0, ""latitude"": 39.964963, ""longitude"": -105.165261, ""name"": ""Zayo Networks"", ""net_count"": 4, ""state"": ""CO"", ""status"": ""ok"", ""updated"": ""2025-09-26T22:43:55Z"", ""website"": ""https://www.zayo.com/""}"
1069,no_ixp,"{""city"": ""Kansas City"", ""country"": ""US"", ""id"": 1069, ""ix_count"": 0, ""latitude"": 39.100517, ""longitude"": -94.582419, ""name"": ""Level(3) Kansas City"", ""net_count"": 14, ""state"": ""MO"", ""status"": ""ok"", ""updated"": ""2025-09-26T22:43:57Z"", ""website"": ""http://www.lumen.com/""}"
1078,no_ixp,"{""city"": ""Modesto"", ""country"": ""US"", ""id"": 1078, ""ix_count"": 0, ""latitude"": 37.638551, ""longitude"": -120.998503, ""name"": ""801 Tenth Street Modesto (Ayera)"", ""net_count"": 2, ""state"": ""CA"", ""status"": ""ok"", ""updated"": ""2025-09-26T22:43:57Z"", ""website"": ""https://www.ayera.com""}"
1096,no_ixp,"{""city"": ""Los Angeles"", ""country"": ""US"", ""id"": 1096, ""ix_count"": 0, ""latitude"": 34.048741, ""longitude"": -118.25956, ""name"": ""Level(3) Los Angeles"", ""net_count"": 6, ""state"": ""CA"", ""status"": ""ok"", ""updated"": ""2025-09-26T22:43:58Z"", ""website"": ""http://www.lumen.com/""}"
1101,no_ixp,"{""city"": ""Santa Clara"", ""country"": ""US"", ""id"": 1101, ""ix_count"": 0, ""latitude"": 37.361768, ""longitude"": -121.943773, ""name"": ""Digital Realty SJC (2220 De La Cruz Blvd)"", ""net_count"": 2, ""state"": ""CA"", ""status"": ""ok"", ""updated"": ""2025-09-26T22:43:58Z"", ""website"": ""https://www.digitalrealty.com""}"
1102,no_ixp,"{""city"": ""Santa Clara"", ""country"": ""US"", ""id"": 1102, ""ix_count"": 0, ""latitude"": 37.372595, ""longitude"": -121.973508, ""name"": ""Vantage Data Centers (Santa Clara)"", ""net_count"": 4, ""state"": ""CA"", ""status"": ""ok"", ""updated"": ""2025-09-26T22:43:59Z"", ""website"": ""http://www.vantage-dc.com""}"
1110,no_ixp,"{""city"": ""Sacramento"", ""country"": ""US"", ""id"": 1110, ""ix_count"": 0, ""latitude"": 38.650318, ""longitude"": -121.489184, ""name"": ""RagingWire CA1 - NTT"", ""net_count"": 14, ""state"": ""CA"", ""status"": ""ok"", ""updated"": ""2025-09-26T22:43:59Z"", ""website"": ""https://www.ragingwire.com/""}"
1111,no_ixp,"{""city"": ""Sacramento"", ""country"": ""US"", ""id"": 1111, ""ix_count"": 0, ""latitude"": 38.650382, ""longitude"": -121.49192, ""name"": ""RagingWire CA2 - NTT"", ""net_count"": 6, ""state"": ""CA"", ""status"": ""ok"", ""updated"": ""2025-09-26T22:43:59Z"", ""website"": ""https://www.ragingwire.com/""}"
1115,no_ixp,"{""city"": ""East Grand Forks"", ""country"": ""US"", ""id"": 1115, ""ix_count"": 0, ""latitude"": 47.945477, ""longitude"": -97.022654, ""name"": ""232 20th St NW, East Grand Forks"", ""net_count"": 1, ""state"": ""MN"", ""status"": ""ok"", ""updated"": ""2025-09-26T22:44:00Z"", ""website"": ""https://wiktel.com""}"
1136,no_ixp,"{""city"": ""Indianapolis"", ""country"": ""US"", ""id"": 1136, ""ix_count"": 0, ""latitude"": 39.77382, ""longitude"": -86.167904, ""name"": ""IUPUI Informatics & Communications Technology Complex"", ""net_count"": 3, ""state"": ""IN"", ""status"": ""ok"", ""updated"": ""2025-09-26T22:44:01Z"", ""website"": ""https://www.iu.edu/""}"
1142,no_ixp,"{""city"": ""Fort Wayne"", ""country"": ""US"", ""id"": 1142, ""ix_count"": 0, ""latitude"": 41.132672, ""longitude"": -85.211021, ""name"": ""INdigital"", ""net_count"": 2, ""state"": ""IN"", ""status"": ""ok"", ""updated"": ""2025-09-26T22:44:02Z"", ""website"": """"}"
1152,no_ixp,"{""city"": ""Boise"", ""country"": ""US"", ""id"": 1152, ""ix_count"": 0, ""latitude"": 43.567545, ""longitude"": -116.207057, ""name"": ""Syringa Networks Boise"", ""net_count"": 3, ""state"": ""ID"", ""status"": ""ok"", ""updated"": ""2025-09-26T22:44:03Z"", ""website"": """"}"
1155,no_ixp,"{""city"": ""Madison"", ""country"": ""US"", ""id"": 1155, ""ix_count"": 0, ""latitude"": 43.075606, ""longitude"": -89.524364, ""name"": ""SupraNet Communications Madison"", ""net_count"": 2, ""state"": ""WI"", ""status"": ""ok"", ""updated"": ""2025-09-26T22:44:03Z"", ""website"": ""http://supranet.net""}"
1183,no_ixp,"{""city"": ""San Diego"", ""country"": ""US"", ""id"": 1183, ""ix_count"": 0, ""latitude"": 32.830414, ""longitude"": -117.136849, ""name"": ""I2B SAN02"", ""net_count"": 3, ""state"": ""CA"", ""status"": ""ok"", ""updated"": ""2025-09-26T22:44:06Z"", ""website"": """"}"
1184,no_ixp,"{""city"": ""San Diego"", ""country"": ""US"", ""id"": 1184, ""ix_count"": 0, ""latitude"": 32.830139, ""longitude"": -117.13445, ""name"": ""I2B SAN01"", ""net_count"": 2, ""state"": ""CA"", ""status"": ""ok"", ""updated"": ""2025-09-26T22:44:06Z"", ""website"": """"}"
1205,no_ixp,"{""city"": ""Wilmington"", ""country"": ""US"", ""id"": 1205, ""ix_count"": 0, ""latitude"": 39.730981, ""longitude"": -75.627882, ""name"": ""USNAMES-NET"", ""net_count"": 0, ""state"": ""DE"", ""status"": ""ok"", ""updated"": ""2025-09-26T22:44:08Z"", ""website"": ""http://lhwebtech.com""}"
1221,no_ixp,"{""city"": ""Denver"", ""country"": ""US"", ""id"": 1221, ""ix_count"": 0, ""latitude"": 39.745119, ""longitude"": -104.979669, ""name"": ""Level(3) Denver"", ""net_count"": 9, ""state"": ""CO"", ""status"": ""ok"", ""updated"": ""2025-09-26T22:44:09Z"", ""website"": ""http://www.lumen.com/""}"
1227,no_ixp,"{""city"": ""Los Angeles"", ""country"": ""US"", ""id"": 1227, ""ix_count"": 0, ""latitude"": 34.062122, ""longitude"": -118.358612, ""name"": ""Fireline Data Center"", ""net_count"": 1, ""state"": ""CA"", ""status"": ""ok"", ""updated"": ""2025-09-26T22:44:10Z"", ""website"": """"}"
1231,no_ixp,"{""city"": ""Tulsa"", ""country"": ""US"", ""id"": 1231, ""ix_count"": 0, ""latitude"": 36.158798, ""longitude"": -95.988577, ""name"": ""TierPoint Tulsa-Archer"", ""net_count"": 11, ""state"": ""OK"", ""status"": ""ok"", ""updated"": ""2025-09-26T22:44:11Z"", ""website"": ""http://www.tierpoint.com""}"
1238,no_ixp,"{""city"": ""Tulsa"", ""country"": ""US"", ""id"": 1238, ""ix_count"": 0, ""latitude"": 36.153266, ""longitude"": -95.989196, ""name"": ""321 S Boston Ave"", ""net_count"": 1, ""state"": ""OK"", ""status"": ""ok"", ""updated"": ""2025-09-26T22:44:12Z"", ""website"": """"}"
1291,no_ixp,"{""city"": ""Albany"", ""country"": ""US"", ""id"": 1291, ""ix_count"": 0, ""latitude"": 42.649364, ""longitude"": -73.75268, ""name"": ""INOC Albany (80 State St)"", ""net_count"": 3, ""state"": ""NY"", ""status"": ""ok"", ""updated"": ""2025-09-26T22:44:16Z"", ""website"": ""https://inoc.net/""}"
1293,no_ixp,"{""city"": ""Atlanta"", ""country"": ""US"", ""id"": 1293, ""ix_count"": 0, ""latitude"": 33.754975, ""longitude"": -84.389635, ""name"": ""Colo@34 (Downtown)"", ""net_count"": 0, ""state"": ""GA"", ""status"": ""ok"", ""updated"": ""2025-09-26T22:44:17Z"", ""website"": ""https://performive.com/""}"
1294,no_ixp,"{""city"": ""Memphis"", ""country"": ""US"", ""id"": 1294, ""ix_count"": 0, ""latitude"": 35.028826, ""longitude"": -89.930755, ""name"": ""Level(3) Memphis"", ""net_count"": 2, ""state"": ""TN"", ""status"": ""ok"", ""updated"": ""2025-09-26T22:44:17Z"", ""website"": ""http://www.lumen.com/""}"
1297,no_ixp,"{""city"": ""Las Vegas"", ""country"": ""US"", ""id"": 1297, ""ix_count"": 0, ""latitude"": 36.066019, ""longitude"": -115.138297, ""name"": ""Fiberhub LAS1"", ""net_count"": 16, ""state"": ""NV"", ""status"": ""ok"", ""updated"": ""2025-09-26T22:44:17Z"", ""website"": """"}"
1309,no_ixp,"{""city"": ""Tampa"", ""country"": ""US"", ""id"": 1309, ""ix_count"": 0, ""latitude"": 28.01989, ""longitude"": -82.52466, ""name"": ""Hivelocity"", ""net_count"": 4, ""state"": ""FL"", ""status"": ""ok"", ""updated"": ""2025-09-26T22:44:18Z"", ""website"": ""https://www.hivelocity.net""}"
1327,no_ixp,"{""city"": ""Rochester"", ""country"": ""US"", ""id"": 1327, ""ix_count"": 0, ""latitude"": 44.020868, ""longitude"": -92.462576, ""name"": ""NP Rochester"", ""net_count"": 5, ""state"": ""MN"", ""status"": ""ok"", ""updated"": ""2025-09-26T22:44:19Z"", ""website"": """"}"
1328,no_ixp,"{""city"": ""Worthington"", ""country"": ""US"", ""id"": 1328, ""ix_count"": 0, ""latitude"": 40.115838, ""longitude"": -83.00176, ""name"": ""DataCenter.BZ - Worthington-Columbus"", ""net_count"": 5, ""state"": ""OH"", ""status"": ""ok"", ""updated"": ""2025-09-26T22:44:20Z"", ""website"": """"}"
1348,no_ixp,"{""city"": ""Manassas"", ""country"": ""US"", ""id"": 1348, ""ix_count"": 0, ""latitude"": 38.747494, ""longitude"": -77.531749, ""name"": ""EvoSwitch WDC1"", ""net_count"": 8, ""state"": ""VA"", ""status"": ""ok"", ""updated"": ""2025-09-26T22:44:22Z"", ""website"": """"}"
1389,no_ixp,"{""city"": ""Grapevine"", ""country"": ""US"", ""id"": 1389, ""ix_count"": 0, ""latitude"": 32.929191, ""longitude"": -97.104853, ""name"": ""Rackspace Dallas Grapevine (DFW1)"", ""net_count"": 0, ""state"": ""TX"", ""status"": ""ok"", ""updated"": ""2025-09-26T22:44:25Z"", ""website"": """"}"
1390,invalid_coordinates,"{""city"": ""Richardson"", ""country"": ""US"", ""id"": 1390, ""ix_count"": 0, ""latitude"": null, ""longitude"": null, ""name"": ""Rackspace Dallas Richardson (DFW3)"", ""net_count"": 0, ""state"": ""TX"", ""status"": ""ok"", ""updated"": ""2025-09-26T22:44:25Z"", ""website"": """"}"
1405,no_ixp,"{""city"": ""Charlotte"", ""country"": ""US"", ""id"": 1405, ""ix_count"": 0, ""latitude"": 35.179019, ""longitude"": -80.932278, ""name"": ""Carolina Internet / CaroNet XB"", ""net_count"": 1, ""state"": ""NC"", ""status"": ""ok"", ""updated"": ""2025-09-26T22:44:26Z"", ""website"": """"}"
1410,invalid_coordinates,"{""city"": ""Syracuse"", ""country"": ""US"", ""id"": 1410, ""ix_count"": 0, ""latitude"": null, ""longitude"": null, ""name"": ""Westelcom Networks Syracuse"", ""net_count"": 5, ""state"": ""NY"", ""status"": ""ok"", ""updated"": ""2025-09-26T22:44:27Z"", ""website"": """"}"
1411,no_ixp,"{""city"": ""Watertown"", ""country"": ""US"", ""id"": 1411, ""ix_count"": 0, ""latitude"": 43.974742, ""longitude"": -75.913547, ""name"": ""Westelcom Networks Watertown"", ""net_count"": 1, ""state"": ""NY"", ""status"": ""ok"", ""updated"": ""2025-09-26T22:44:27Z"", ""website"": """"}"
1412,no_ixp,"{""city"": ""Plattsburgh"", ""country"": ""US"", ""id"": 1412, ""ix_count"": 0, ""latitude"": 44.696433, ""longitude"": -73.452937, ""name"": ""Westelcom Networks Plattsburgh"", ""net_count"": 1, ""state"": ""NY"", ""status"": ""ok"", ""updated"": ""2025-09-26T22:44:27Z"", ""website"": """"}"
1420,no_ixp,"{""city"": ""Columbus"", ""country"": ""US"", ""id"": 1420, ""ix_count"": 0, ""latitude"": 40.115757, ""longitude"": -83.002414, ""name"": ""Datacenter.BZ"", ""net_count"": 0, ""state"": ""OH"", ""status"": ""ok"", ""updated"": ""2025-09-26T22:44:27Z"", ""website"": """"}"
1440,no_ixp,"{""city"": ""Denver"", ""country"": ""US"", ""id"": 1440, ""ix_count"": 0, ""latitude"": 39.745765, ""longitude"": -104.994399, ""name"": ""1500 Champa"", ""net_count"": 10, ""state"": ""CO"", ""status"": ""ok"", ""updated"": ""2025-09-26T22:44:29Z"", ""website"": ""https://www.ipipartners.com/""}"
1452,no_ixp,"{""city"": ""Manchester"", ""country"": ""US"", ""id"": 1452, ""ix_count"": 0, ""latitude"": 42.971981, ""longitude"": -71.468877, ""name"": ""ColoCenter.com - Manchester NH"", ""net_count"": 0, ""state"": ""NH"", ""status"": ""ok"", ""updated"": ""2025-09-26T22:44:29Z"", ""website"": """"}"
1454,no_ixp,"{""city"": ""Minneapolis"", ""country"": ""US"", ""id"": 1454, ""ix_count"": 0, ""latitude"": 45.000634, ""longitude"": -93.265888, ""name"": ""Implex Minneapolis"", ""net_count"": 1, ""state"": ""MN"", ""status"": ""ok"", ""updated"": ""2025-09-26T22:44:30Z"", ""website"": """"}"
1460,no_ixp,"{""city"": ""Wilmington"", ""country"": ""US"", ""id"": 1460, ""ix_count"": 0, ""latitude"": 39.747859, ""longitude"": -75.546753, ""name"": ""IPR Wilmington CCC"", ""net_count"": 2, ""state"": ""DE"", ""status"": ""ok"", ""updated"": ""2025-09-26T22:44:30Z"", ""website"": """"}"
1468,no_ixp,"{""city"": ""Lebanon"", ""country"": ""US"", ""id"": 1468, ""ix_count"": 0, ""latitude"": 39.389053, ""longitude"": -84.220796, ""name"": ""CyrusOne Lebanon"", ""net_count"": 0, ""state"": ""OH"", ""status"": ""ok"", ""updated"": ""2025-09-26T22:44:31Z"", ""website"": ""http://www.cyrusone.com""}"
1469,no_ixp,"{""city"": ""Florence"", ""country"": ""US"", ""id"": 1469, ""ix_count"": 0, ""latitude"": 38.98065, ""longitude"": -84.618707, ""name"": ""CyrusOne Florence"", ""net_count"": 2, ""state"": ""KY"", ""status"": ""ok"", ""updated"": ""2025-09-26T22:44:31Z"", ""website"": ""http://www.cyrusone.com""}"
1470,no_ixp,"{""city"": ""Mason"", ""country"": ""US"", ""id"": 1470, ""ix_count"": 0, ""latitude"": 39.303887, ""longitude"": -84.311636, ""name"": ""CyrusOne Mason"", ""net_count"": 0, ""state"": ""OH"", ""status"": ""ok"", ""updated"": ""2025-09-26T22:44:31Z"", ""website"": ""http://www.cyrusone.com""}"
1471,no_ixp,"{""city"": ""Hamilton"", ""country"": ""US"", ""id"": 1471, ""ix_count"": 0, ""latitude"": 39.386313, ""longitude"": -84.567161, ""name"": ""CyrusOne Hamilton"", ""net_count"": 1, ""state"": ""OH"", ""status"": ""ok"", ""updated"": ""2025-09-26T22:44:31Z"", ""website"": ""http://www.cyrusone.com""}"
1484,no_ixp,"{""city"": ""San Antonio"", ""country"": ""US"", ""id"": 1484, ""ix_count"": 0, ""latitude"": 29.46661, ""longitude"": -98.688078, ""name"": ""CyrusOne San Antonio"", ""net_count"": 4, ""state"": ""TX"", ""status"": ""ok"", ""updated"": ""2025-09-26T22:44:32Z"", ""website"": ""http://www.cyrusone.com""}"
1496,no_ixp,"{""city"": ""Wakefield"", ""country"": ""US"", ""id"": 1496, ""ix_count"": 0, ""latitude"": 42.520526, ""longitude"": -71.084976, ""name"": ""200 Quannapowitt Pkwy"", ""net_count"": 1, ""state"": ""MA"", ""status"": ""ok"", ""updated"": ""2025-09-26T22:44:33Z"", ""website"": ""http://www.rjkellycompany.com""}"
1513,no_ixp,"{""city"": ""Santa Clara"", ""country"": ""US"", ""id"": 1513, ""ix_count"": 0, ""latitude"": 37.365431, ""longitude"": -121.961738, ""name"": ""Bay Area Internet"", ""net_count"": 2, ""state"": ""CA"", ""status"": ""ok"", ""updated"": ""2025-09-26T22:44:34Z"", ""website"": """"}"
1518,no_ixp,"{""city"": ""Stockton"", ""country"": ""US"", ""id"": 1518, ""ix_count"": 0, ""latitude"": 37.990788, ""longitude"": -121.289822, ""name"": ""EZ Network Systems"", ""net_count"": 1, ""state"": ""CA"", ""status"": ""ok"", ""updated"": ""2025-09-26T22:44:35Z"", ""website"": """"}"
1637,no_ixp,"{""city"": ""Bellevue"", ""country"": ""US"", ""id"": 1637, ""ix_count"": 0, ""latitude"": 41.185518, ""longitude"": -95.936099, ""name"": ""Level(3) Bellevue"", ""net_count"": 1, ""state"": ""NE"", ""status"": ""ok"", ""updated"": ""2025-09-26T22:44:42Z"", ""website"": ""http://www.lumen.com/""}"
1644,no_ixp,"{""city"": ""Hayward"", ""country"": ""US"", ""id"": 1644, ""ix_count"": 0, ""latitude"": 37.638508, ""longitude"": -122.129908, ""name"": ""Level(3) Hayward"", ""net_count"": 0, ""state"": ""CA"", ""status"": ""ok"", ""updated"": ""2025-09-26T22:44:43Z"", ""website"": ""http://www.lumen.com/""}"
1663,no_ixp,"{""city"": ""Billings"", ""country"": ""US"", ""id"": 1663, ""ix_count"": 0, ""latitude"": 45.742945, ""longitude"": -108.602984, ""name"": ""Parsec"", ""net_count"": 1, ""state"": ""MT"", ""status"": ""ok"", ""updated"": ""2025-09-26T22:44:44Z"", ""website"": """"}"
1668,no_ixp,"{""city"": ""Tulsa"", ""country"": ""US"", ""id"": 1668, ""ix_count"": 0, ""latitude"": 36.163393, ""longitude"": -95.987612, ""name"": ""OneNet OSU Tulsa"", ""net_count"": 2, ""state"": ""OK"", ""status"": ""ok"", ""updated"": ""2025-09-26T22:44:45Z"", ""website"": ""https://www.okhighered.org/""}"
1669,no_ixp,"{""city"": ""Hope"", ""country"": ""US"", ""id"": 1669, ""ix_count"": 0, ""latitude"": 33.664742, ""longitude"": -93.600378, ""name"": ""ARE-ON Hope"", ""net_count"": 2, ""state"": ""AR"", ""status"": ""ok"", ""updated"": ""2025-09-26T22:44:45Z"", ""website"": ""https://www.areon.net""}"
1670,no_ixp,"{""city"": ""Forrest City"", ""country"": ""US"", ""id"": 1670, ""ix_count"": 0, ""latitude"": 35.040103, ""longitude"": -90.768064, ""name"": ""ARE-ON Forrest City"", ""net_count"": 1, ""state"": ""AR"", ""status"": ""ok"", ""updated"": ""2025-09-26T22:44:45Z"", ""website"": ""https://www.areon.net""}"
1698,no_ixp,"{""city"": ""Rancho Cordova"", ""country"": ""US"", ""id"": 1698, ""ix_count"": 0, ""latitude"": 38.596081, ""longitude"": -121.272635, ""name"": ""Sungard AS Sacramento"", ""net_count"": 4, ""state"": ""CA"", ""status"": ""ok"", ""updated"": ""2025-09-26T22:44:48Z"", ""website"": ""https://www.sungardas.com/""}"
1701,no_ixp,"{""city"": ""Evansville"", ""country"": ""US"", ""id"": 1701, ""ix_count"": 0, ""latitude"": 38.019934, ""longitude"": -87.521467, ""name"": ""SITCO Evansville"", ""net_count"": 4, ""state"": ""IN"", ""status"": ""ok"", ""updated"": ""2025-09-26T22:44:48Z"", ""website"": ""http://www.sitcosolutions.com/""}"
1707,no_ixp,"{""city"": ""Chicago"", ""country"": ""US"", ""id"": 1707, ""ix_count"": 0, ""latitude"": 41.895233, ""longitude"": -87.616861, ""name"": ""Northwestern University co-location facility"", ""net_count"": 20, ""state"": ""IL"", ""status"": ""ok"", ""updated"": ""2025-09-26T22:44:49Z"", ""website"": """"}"
1712,no_ixp,"{""city"": ""Boone"", ""country"": ""US"", ""id"": 1712, ""ix_count"": 0, ""latitude"": 42.164903, ""longitude"": -93.794162, ""name"": ""InfoBunker"", ""net_count"": 1, ""state"": ""IA"", ""status"": ""ok"", ""updated"": ""2025-09-26T22:44:49Z"", ""website"": ""https://www.infobunker.com""}"
1721,no_ixp,"{""city"": ""Austin"", ""country"": ""US"", ""id"": 1721, ""ix_count"": 0, ""latitude"": 30.385034, ""longitude"": -97.70922, ""name"": ""Level(3) Austin (Kramer)"", ""net_count"": 0, ""state"": ""TX"", ""status"": ""ok"", ""updated"": ""2025-09-26T22:44:49Z"", ""website"": ""http://www.lumen.com/""}"
1722,no_ixp,"{""city"": ""Houston"", ""country"": ""US"", ""id"": 1722, ""ix_count"": 0, ""latitude"": 29.75922, ""longitude"": -95.366246, ""name"": ""Alpheus Houston (777 Walker Street)"", ""net_count"": 2, ""state"": ""TX"", ""status"": ""ok"", ""updated"": ""2025-09-26T22:44:49Z"", ""website"": """"}"
1724,no_ixp,"{""city"": ""Charlotte"", ""country"": ""US"", ""id"": 1724, ""ix_count"": 0, ""latitude"": 35.193762, ""longitude"": -80.938485, ""name"": ""CLT2"", ""net_count"": 7, ""state"": ""NC"", ""status"": ""ok"", ""updated"": ""2025-09-26T22:44:50Z"", ""website"": """"}"
1729,no_ixp,"{""city"": ""Atlanta"", ""country"": ""US"", ""id"": 1729, ""ix_count"": 0, ""latitude"": 33.758573, ""longitude"": -84.387873, ""name"": ""Level(3) Atlanta (Peachtree)"", ""net_count"": 2, ""state"": ""GA"", ""status"": ""ok"", ""updated"": ""2025-09-26T22:44:50Z"", ""website"": ""http://www.lumen.com/""}"
1730,no_ixp,"{""city"": ""Chicago"", ""country"": ""US"", ""id"": 1730, ""ix_count"": 0, ""latitude"": 41.898951, ""longitude"": -87.644642, ""name"": ""Level(3) Chicago (Kingsbury)"", ""net_count"": 15, ""state"": ""IL"", ""status"": ""ok"", ""updated"": ""2025-09-26T22:44:51Z"", ""website"": ""http://www.lumen.com/""}"
1731,no_ixp,"{""city"": ""Miami"", ""country"": ""US"", ""id"": 1731, ""ix_count"": 0, ""latitude"": 25.779013, ""longitude"": -80.192962, ""name"": ""Level(3) Miami (5th St)"", ""net_count"": 1, ""state"": ""FL"", ""status"": ""ok"", ""updated"": ""2025-09-26T22:44:51Z"", ""website"": ""http://www.lumen.com/""}"
1732,no_ixp,"{""city"": ""Herndon"", ""country"": ""US"", ""id"": 1732, ""ix_count"": 0, ""latitude"": 38.964641, ""longitude"": -77.382947, ""name"": ""Level(3) Herndon"", ""net_count"": 1, ""state"": ""VA"", ""status"": ""ok"", ""updated"": ""2025-09-26T22:44:51Z"", ""website"": ""http://www.lumen.com/""}"
1733,no_ixp,"{""city"": ""McLean"", ""country"": ""US"", ""id"": 1733, ""ix_count"": 0, ""latitude"": 38.920062, ""longitude"": -77.212126, ""name"": ""Level(3) McLean"", ""net_count"": 9, ""state"": ""VA"", ""status"": ""ok"", ""updated"": ""2025-09-26T22:44:51Z"", ""website"": ""http://www.lumen.com/""}"
1736,no_ixp,"{""city"": ""Weehawken"", ""country"": ""US"", ""id"": 1736, ""ix_count"": 0, ""latitude"": 40.761802, ""longitude"": -74.025183, ""name"": ""Digital Realty New Jersey EWR10 (closed)"", ""net_count"": 4, ""state"": ""NJ"", ""status"": ""ok"", ""updated"": ""2026-04-01T21:39:13Z"", ""website"": ""https://www.digitalrealty.com""}"
1738,no_ixp,"{""city"": ""Dallas"", ""country"": ""US"", ""id"": 1738, ""ix_count"": 0, ""latitude"": 32.838552, ""longitude"": -96.865083, ""name"": ""DataBank Dallas (DFW6)"", ""net_count"": 7, ""state"": ""TX"", ""status"": ""ok"", ""updated"": ""2025-09-26T22:44:51Z"", ""website"": ""http://www.databank.com""}"
1739,no_ixp,"{""city"": ""Rock Hill"", ""country"": ""US"", ""id"": 1739, ""ix_count"": 0, ""latitude"": 34.92958, ""longitude"": -81.021841, ""name"": ""HSW-DC1RH"", ""net_count"": 2, ""state"": ""SC"", ""status"": ""ok"", ""updated"": ""2025-09-26T22:44:52Z"", ""website"": """"}"
1751,no_ixp,"{""city"": ""Portland"", ""country"": ""US"", ""id"": 1751, ""ix_count"": 0, ""latitude"": 45.521436, ""longitude"": -122.677878, ""name"": ""LightPoint Corporation"", ""net_count"": 2, ""state"": ""OR"", ""status"": ""ok"", ""updated"": ""2025-09-26T22:44:53Z"", ""website"": """"}"
1754,no_ixp,"{""city"": ""Tustin"", ""country"": ""US"", ""id"": 1754, ""ix_count"": 0, ""latitude"": 33.717178, ""longitude"": -117.803253, ""name"": ""IC2NET Data Center"", ""net_count"": 0, ""state"": ""CA"", ""status"": ""ok"", ""updated"": ""2025-09-26T22:44:53Z"", ""website"": """"}"
1759,no_ixp,"{""city"": ""Syracuse"", ""country"": ""US"", ""id"": 1759, ""ix_count"": 0, ""latitude"": 43.043813, ""longitude"": -76.152378, ""name"": ""Northland Communications - Syracuse"", ""net_count"": 1, ""state"": ""NY"", ""status"": ""ok"", ""updated"": ""2025-09-26T22:44:53Z"", ""website"": ""http://www.northland.net""}"
1760,no_ixp,"{""city"": ""Utica"", ""country"": ""US"", ""id"": 1760, ""ix_count"": 0, ""latitude"": 43.099765, ""longitude"": -75.235426, ""name"": ""Northland Communications - Utica"", ""net_count"": 1, ""state"": ""NY"", ""status"": ""ok"", ""updated"": ""2025-09-26T22:44:54Z"", ""website"": ""http://www.northland.net""}"
1769,no_ixp,"{""city"": ""New York"", ""country"": ""US"", ""id"": 1769, ""ix_count"": 0, ""latitude"": 40.708383, ""longitude"": -74.007201, ""name"": ""NYI NY1 (100 William Street)"", ""net_count"": 4, ""state"": ""NY"", ""status"": ""ok"", ""updated"": ""2025-09-26T22:44:54Z"", ""website"": ""http://nyi.net""}"
1776,no_ixp,"{""city"": ""New York"", ""country"": ""US"", ""id"": 1776, ""ix_count"": 0, ""latitude"": 40.74463, ""longitude"": -73.987667, ""name"": ""Host Color"", ""net_count"": 1, ""state"": ""NY"", ""status"": ""ok"", ""updated"": ""2026-08-10T14:36:57Z"", ""website"": ""http://www.hostcolor.com/""}"
1835,no_ixp,"{""city"": ""Charlotte"", ""country"": ""US"", ""id"": 1835, ""ix_count"": 0, ""latitude"": 35.193902, ""longitude"": -80.937263, ""name"": ""DC74-CLT1"", ""net_count"": 0, ""state"": ""NC"", ""status"": ""ok"", ""updated"": ""2025-09-26T22:45:00Z"", ""website"": """"}"
1836,no_ixp,"{""city"": ""Charlotte"", ""country"": ""US"", ""id"": 1836, ""ix_count"": 0, ""latitude"": 35.180076, ""longitude"": -80.92639, ""name"": ""DC74-CLT4"", ""net_count"": 1, ""state"": ""NC"", ""status"": ""ok"", ""updated"": ""2025-09-26T22:45:00Z"", ""website"": """"}"
1837,no_ixp,"{""city"": ""Madison"", ""country"": ""US"", ""id"": 1837, ""ix_count"": 0, ""latitude"": 43.06776, ""longitude"": -89.392409, ""name"": ""612 W Main"", ""net_count"": 2, ""state"": ""WI"", ""status"": ""ok"", ""updated"": ""2025-09-26T22:45:01Z"", ""website"": ""http://www.hoyosconsulting.com""}"
1841,no_ixp,"{""city"": ""Miami"", ""country"": ""US"", ""id"": 1841, ""ix_count"": 0, ""latitude"": 25.796769, ""longitude"": -80.379841, ""name"": ""Telefonica KeyCenter"", ""net_count"": 2, ""state"": ""FL"", ""status"": ""ok"", ""updated"": ""2025-09-26T22:45:01Z"", ""website"": """"}"
1866,no_ixp,"{""city"": ""Seattle"", ""country"": ""US"", ""id"": 1866, ""ix_count"": 0, ""latitude"": 47.614347, ""longitude"": -122.338883, ""name"": ""DataBank Seattle (SEA1)"", ""net_count"": 4, ""state"": ""WA"", ""status"": ""ok"", ""updated"": ""2025-09-26T22:45:06Z"", ""website"": ""http://www.databank.com""}"
1895,no_ixp,"{""city"": ""Bozeman"", ""country"": ""US"", ""id"": 1895, ""ix_count"": 0, ""latitude"": 45.673641, ""longitude"": -111.19004, ""name"": ""Montana Opticom"", ""net_count"": 1, ""state"": ""MT"", ""status"": ""ok"", ""updated"": ""2025-09-26T22:45:11Z"", ""website"": """"}"
1916,no_ixp,"{""city"": ""Farmers Branch"", ""country"": ""US"", ""id"": 1916, ""ix_count"": 0, ""latitude"": 32.949582, ""longitude"": -96.837348, ""name"": ""NEGMA Datacenter"", ""net_count"": 0, ""state"": ""TX"", ""status"": ""ok"", ""updated"": ""2025-09-26T22:45:13Z"", ""website"": """"}"
1924,no_ixp,"{""city"": ""Nashville"", ""country"": ""US"", ""id"": 1924, ""ix_count"": 0, ""latitude"": 36.144881, ""longitude"": -86.701721, ""name"": ""EdgeConneX Nashville (EDCNAS01)"", ""net_count"": 5, ""state"": ""TN"", ""status"": ""ok"", ""updated"": ""2025-09-26T22:45:15Z"", ""website"": ""http://www.edgeconnex.com""}"
1926,no_ixp,"{""city"": ""Rancho Cordova"", ""country"": ""US"", ""id"": 1926, ""ix_count"": 0, ""latitude"": 38.592346, ""longitude"": -121.277389, ""name"": ""EdgeConneX Sacramento (EDCSAC01)"", ""net_count"": 4, ""state"": ""CA"", ""status"": ""ok"", ""updated"": ""2025-09-26T22:45:16Z"", ""website"": ""http://www.edgeconnex.com""}"
1928,no_ixp,"{""city"": ""San Diego"", ""country"": ""US"", ""id"": 1928, ""ix_count"": 0, ""latitude"": 32.84049, ""longitude"": -117.168374, ""name"": ""EdgeConneX San Diego (EDCSDG01)"", ""net_count"": 8, ""state"": ""CA"", ""status"": ""ok"", ""updated"": ""2025-09-26T22:45:16Z"", ""website"": ""http://www.edgeconnex.com""}"
1930,no_ixp,"{""city"": ""Memphis"", ""country"": ""US"", ""id"": 1930, ""ix_count"": 0, ""latitude"": 35.038995, ""longitude"": -89.88623, ""name"": ""EdgeConneX Memphis (EDCMEM01)"", ""net_count"": 6, ""state"": ""TN"", ""status"": ""ok"", ""updated"": ""2025-09-26T22:45:17Z"", ""website"": ""http://www.edgeconnex.com""}"
1938,no_ixp,"{""city"": ""Chicago"", ""country"": ""US"", ""id"": 1938, ""ix_count"": 0, ""latitude"": 41.85365, ""longitude"": -87.618342, ""name"": ""CME Cermak"", ""net_count"": 2, ""state"": ""IL"", ""status"": ""ok"", ""updated"": ""2025-09-26T22:45:18Z"", ""website"": """"}"
1948,no_ixp,"{""city"": ""Boise"", ""country"": ""US"", ""id"": 1948, ""ix_count"": 0, ""latitude"": 43.56619, ""longitude"": -116.185889, ""name"": ""Level(3) Boise"", ""net_count"": 4, ""state"": ""ID"", ""status"": ""ok"", ""updated"": ""2025-09-26T22:45:20Z"", ""website"": ""http://www.lumen.com/""}"
1972,no_ixp,"{""city"": ""Malone"", ""country"": ""US"", ""id"": 1972, ""ix_count"": 0, ""latitude"": 44.861059, ""longitude"": -74.294006, ""name"": ""LogInToUs, Inc."", ""net_count"": 0, ""state"": ""NY"", ""status"": ""ok"", ""updated"": ""2025-09-26T22:45:23Z"", ""website"": """"}"
1977,no_ixp,"{""city"": ""Laredo"", ""country"": ""US"", ""id"": 1977, ""ix_count"": 0, ""latitude"": 27.50656, ""longitude"": -99.501483, ""name"": ""Laredo VTX"", ""net_count"": 15, ""state"": ""TX"", ""status"": ""ok"", ""updated"": ""2025-09-26T22:45:24Z"", ""website"": """"}"
1983,no_ixp,"{""city"": ""Nashville"", ""country"": ""US"", ""id"": 1983, ""ix_count"": 0, ""latitude"": 36.189148, ""longitude"": -86.804111, ""name"": ""Level(3) Nashville (9th Ave)"", ""net_count"": 1, ""state"": ""TN"", ""status"": ""ok"", ""updated"": ""2025-09-26T22:45:25Z"", ""website"": ""http://www.lumen.com/""}"
2010,no_ixp,"{""city"": ""Miamisburg"", ""country"": ""US"", ""id"": 2010, ""ix_count"": 0, ""latitude"": 39.591093, ""longitude"": -84.236385, ""name"": ""Iron Mountain Data Center - Ohio (OHS-1)"", ""net_count"": 2, ""state"": ""OH"", ""status"": ""ok"", ""updated"": ""2025-09-26T22:45:29Z"", ""website"": ""https://www.ironmountain.com/data-centers""}"
2013,no_ixp,"{""city"": ""Emeryville"", ""country"": ""US"", ""id"": 2013, ""ix_count"": 0, ""latitude"": 37.847054, ""longitude"": -122.293028, ""name"": ""Evocative Emeryville (EM1)"", ""net_count"": 3, ""state"": ""CA"", ""status"": ""ok"", ""updated"": ""2025-09-26T22:45:29Z"", ""website"": ""http://www.vpls.com""}"
2014,no_ixp,"{""city"": ""New York"", ""country"": ""US"", ""id"": 2014, ""ix_count"": 0, ""latitude"": 40.707335, ""longitude"": -74.012583, ""name"": ""365 Data Centers New York (NY10)"", ""net_count"": 9, ""state"": ""NY"", ""status"": ""ok"", ""updated"": ""2025-09-26T22:45:29Z"", ""website"": ""http://365datacenters.com""}"
2015,no_ixp,"{""city"": ""Philadelphia"", ""country"": ""US"", ""id"": 2015, ""ix_count"": 0, ""latitude"": 39.956611, ""longitude"": -75.196511, ""name"": ""365 Data Centers Philadelphia (PH2)"", ""net_count"": 6, ""state"": ""PA"", ""status"": ""ok"", ""updated"": ""2025-09-26T22:45:30Z"", ""website"": ""http://365datacenters.com""}"
2033,no_ixp,"{""city"": ""Lafayette"", ""country"": ""US"", ""id"": 2033, ""ix_count"": 0, ""latitude"": 40.421474, ""longitude"": -86.890366, ""name"": ""Wintek Corporation"", ""net_count"": 0, ""state"": ""IN"", ""status"": ""ok"", ""updated"": ""2025-09-26T22:45:32Z"", ""website"": """"}"
2034,no_ixp,"{""city"": ""Mount Prospect"", ""country"": ""US"", ""id"": 2034, ""ix_count"": 0, ""latitude"": 42.078163, ""longitude"": -87.915633, ""name"": ""NETRIX - MTP"", ""net_count"": 1, ""state"": ""IL"", ""status"": ""ok"", ""updated"": ""2025-09-26T22:45:32Z"", ""website"": """"}"
2035,no_ixp,"{""city"": ""Alsip"", ""country"": ""US"", ""id"": 2035, ""ix_count"": 0, ""latitude"": 41.662716, ""longitude"": -87.746531, ""name"": ""NETRIX - ALSIP"", ""net_count"": 1, ""state"": ""IL"", ""status"": ""ok"", ""updated"": ""2025-09-26T22:45:32Z"", ""website"": ""http://www.netrixllc.com""}"
2036,no_ixp,"{""city"": ""Bannockburn"", ""country"": ""US"", ""id"": 2036, ""ix_count"": 0, ""latitude"": 42.202902, ""longitude"": -87.883783, ""name"": ""NETRIX - BBN"", ""net_count"": 1, ""state"": ""IL"", ""status"": ""ok"", ""updated"": ""2025-09-26T22:45:33Z"", ""website"": ""http://www.netrixllc.com""}"
2068,no_ixp,"{""city"": ""Philadelphia"", ""country"": ""US"", ""id"": 2068, ""ix_count"": 0, ""latitude"": 39.959612, ""longitude"": -75.161014, ""name"": ""DataBank Philadelphia (PHL1)"", ""net_count"": 5, ""state"": ""PA"", ""status"": ""ok"", ""updated"": ""2025-09-26T22:45:37Z"", ""website"": ""http://www.databank.com""}"
2074,no_ixp,"{""city"": ""Tallahassee"", ""country"": ""US"", ""id"": 2074, ""ix_count"": 0, ""latitude"": 30.471969, ""longitude"": -84.353232, ""name"": ""EdgeConneX Tallahassee (EDCTAL01)"", ""net_count"": 3, ""state"": ""FL"", ""status"": ""ok"", ""updated"": ""2025-09-26T22:45:38Z"", ""website"": ""http://www.edgeconnex.com""}"
2076,no_ixp,"{""city"": ""Jacksonville"", ""country"": ""US"", ""id"": 2076, ""ix_count"": 0, ""latitude"": 30.254238, ""longitude"": -81.604183, ""name"": ""EdgeConneX Jacksonville (EDCJAX01)"", ""net_count"": 6, ""state"": ""FL"", ""status"": ""ok"", ""updated"": ""2025-09-26T22:45:39Z"", ""website"": ""http://www.edgeconnex.com""}"
2078,no_ixp,"{""city"": ""Tukwila"", ""country"": ""US"", ""id"": 2078, ""ix_count"": 0, ""latitude"": 47.498209, ""longitude"": -122.289962, ""name"": ""EdgeConneX Seattle (EDCSEA01)"", ""net_count"": 8, ""state"": ""WA"", ""status"": ""ok"", ""updated"": ""2025-09-26T22:45:39Z"", ""website"": ""http://www.edgeconnex.com""}"
2082,no_ixp,"{""city"": ""Seattle"", ""country"": ""US"", ""id"": 2082, ""ix_count"": 0, ""latitude"": 47.614358, ""longitude"": -122.338864, ""name"": ""FiberCloud-Westin1809"", ""net_count"": 0, ""state"": ""WA"", ""status"": ""ok"", ""updated"": ""2025-09-26T22:45:40Z"", ""website"": """"}"
2083,no_ixp,"{""city"": ""Seattle"", ""country"": ""US"", ""id"": 2083, ""ix_count"": 0, ""latitude"": 47.614358, ""longitude"": -122.338864, ""name"": ""FiberCloud-Westin3205"", ""net_count"": 0, ""state"": ""WA"", ""status"": ""ok"", ""updated"": ""2025-09-26T22:45:40Z"", ""website"": """"}"
2087,no_ixp,"{""city"": ""Buffalo"", ""country"": ""US"", ""id"": 2087, ""ix_count"": 0, ""latitude"": 42.88427, ""longitude"": -78.875707, ""name"": ""H5 Data Centers Buffalo III"", ""net_count"": 9, ""state"": ""NY"", ""status"": ""ok"", ""updated"": ""2026-05-22T20:01:36Z"", ""website"": ""http://h5datacenters.com/""}"
2112,no_ixp,"{""city"": ""Philadelphia"", ""country"": ""US"", ""id"": 2112, ""ix_count"": 0, ""latitude"": 39.949905, ""longitude"": -75.154973, ""name"": ""833 Chestnut Street"", ""net_count"": 0, ""state"": ""PA"", ""status"": ""ok"", ""updated"": ""2025-09-26T22:45:44Z"", ""website"": ""http://www.hcpi.com/""}"
2113,no_ixp,"{""city"": ""Philadelphia"", ""country"": ""US"", ""id"": 2113, ""ix_count"": 0, ""latitude"": 39.962351, ""longitude"": -75.163736, ""name"": ""H5 Data Centers Philadelphia (PA01)"", ""net_count"": 5, ""state"": ""PA"", ""status"": ""ok"", ""updated"": ""2025-09-26T22:45:44Z"", ""website"": ""http://h5datacenters.com/""}"
2126,no_ixp,"{""city"": ""Melbourne"", ""country"": ""US"", ""id"": 2126, ""ix_count"": 0, ""latitude"": 28.259162, ""longitude"": -80.694858, ""name"": ""SD Data Center"", ""net_count"": 3, ""state"": ""FL"", ""status"": ""ok"", ""updated"": ""2025-09-26T22:45:47Z"", ""website"": ""http://www.sddatacenter.com""}"
2140,no_ixp,"{""city"": ""Seattle"", ""country"": ""US"", ""id"": 2140, ""ix_count"": 0, ""latitude"": 47.617781, ""longitude"": -122.356693, ""name"": ""Digital Fortress (SEA)"", ""net_count"": 8, ""state"": ""WA"", ""status"": ""ok"", ""updated"": ""2025-09-26T22:45:49Z"", ""website"": ""https://digital-fortress.com/""}"
2145,invalid_coordinates,"{""city"": ""San Juan"", ""country"": ""US"", ""id"": 2145, ""ix_count"": 0, ""latitude"": null, ""longitude"": null, ""name"": ""SJU-01"", ""net_count"": 1, ""state"": ""PR"", ""status"": ""ok"", ""updated"": ""2025-09-26T22:45:50Z"", ""website"": """"}"
2156,no_ixp,"{""city"": ""Papillion"", ""country"": ""US"", ""id"": 2156, ""ix_count"": 0, ""latitude"": 41.134508, ""longitude"": -96.039042, ""name"": ""TierPoint Omaha - Midlands"", ""net_count"": 4, ""state"": ""NE"", ""status"": ""ok"", ""updated"": ""2025-09-26T22:45:52Z"", ""website"": ""http://www.tierpoint.com""}"
2180,no_ixp,"{""city"": ""Somerset"", ""country"": ""US"", ""id"": 2180, ""ix_count"": 0, ""latitude"": 40.538224, ""longitude"": -74.546019, ""name"": ""CyrusOne NJ-1"", ""net_count"": 3, ""state"": ""NJ"", ""status"": ""ok"", ""updated"": ""2025-09-26T22:45:57Z"", ""website"": ""http://www.cyrusone.com""}"
2181,no_ixp,"{""city"": ""Durham"", ""country"": ""US"", ""id"": 2181, ""ix_count"": 0, ""latitude"": 35.936339, ""longitude"": -78.879943, ""name"": ""CyrusOne NC-1"", ""net_count"": 6, ""state"": ""NC"", ""status"": ""ok"", ""updated"": ""2025-09-26T22:45:57Z"", ""website"": ""http://www.cyrusone.com""}"
2185,no_ixp,"{""city"": ""Los Angeles"", ""country"": ""US"", ""id"": 2185, ""ix_count"": 0, ""latitude"": 34.048684, ""longitude"": -118.257528, ""name"": ""Psychz Networks LAX1"", ""net_count"": 9, ""state"": ""CA"", ""status"": ""ok"", ""updated"": ""2025-09-26T22:45:57Z"", ""website"": """"}"
2190,no_ixp,"{""city"": ""Boston"", ""country"": ""US"", ""id"": 2190, ""ix_count"": 0, ""latitude"": 42.354552, ""longitude"": -71.054087, ""name"": ""230 Congress"", ""net_count"": 0, ""state"": ""MA"", ""status"": ""ok"", ""updated"": ""2025-09-26T22:45:58Z"", ""website"": ""http://www.rtegroup.com""}"
2225,no_ixp,"{""city"": ""Burlington"", ""country"": ""US"", ""id"": 2225, ""ix_count"": 0, ""latitude"": 44.479557, ""longitude"": -73.213218, ""name"": ""SoVerNet Burlington"", ""net_count"": 1, ""state"": ""VT"", ""status"": ""ok"", ""updated"": ""2025-09-26T22:46:03Z"", ""website"": """"}"
2249,no_ixp,"{""city"": ""Tucson"", ""country"": ""US"", ""id"": 2249, ""ix_count"": 0, ""latitude"": 32.205098, ""longitude"": -110.956748, ""name"": ""Simply Bits DC1"", ""net_count"": 2, ""state"": ""AZ"", ""status"": ""ok"", ""updated"": ""2025-09-26T22:46:06Z"", ""website"": ""http://www.simplybits.com/""}"
2250,no_ixp,"{""city"": ""Boston"", ""country"": ""US"", ""id"": 2250, ""ix_count"": 0, ""latitude"": 42.354699, ""longitude"": -71.060271, ""name"": ""DataBank Boston (BOS1)"", ""net_count"": 4, ""state"": ""MA"", ""status"": ""ok"", ""updated"": ""2025-09-26T22:46:07Z"", ""website"": ""http://www.databank.com""}"
2268,no_ixp,"{""city"": ""Atlanta"", ""country"": ""US"", ""id"": 2268, ""ix_count"": 0, ""latitude"": 33.83887, ""longitude"": -84.372429, ""name"": ""Colo@ (Buckhead)"", ""net_count"": 0, ""state"": ""GA"", ""status"": ""ok"", ""updated"": ""2025-09-26T22:46:10Z"", ""website"": ""https://performive.com/""}"
2269,no_ixp,"{""city"": ""Atlanta"", ""country"": ""US"", ""id"": 2269, ""ix_count"": 0, ""latitude"": 33.848673, ""longitude"": -84.373313, ""name"": ""Atlanta Tech Village"", ""net_count"": 1, ""state"": ""GA"", ""status"": ""ok"", ""updated"": ""2025-09-26T22:46:10Z"", ""website"": ""https://performive.com/""}"
2270,no_ixp,"{""city"": ""Plano"", ""country"": ""US"", ""id"": 2270, ""ix_count"": 0, ""latitude"": 33.012213, ""longitude"": -96.683109, ""name"": ""GIP Plano"", ""net_count"": 5, ""state"": ""TX"", ""status"": ""ok"", ""updated"": ""2025-09-26T22:46:10Z"", ""website"": ""http://www.gipnetworks.com""}"
2279,no_ixp,"{""city"": ""Salt Lake City"", ""country"": ""US"", ""id"": 2279, ""ix_count"": 0, ""latitude"": 40.766212, ""longitude"": -111.891494, ""name"": ""UFN Kearns"", ""net_count"": 3, ""state"": ""UT"", ""status"": ""ok"", ""updated"": ""2025-09-26T22:46:13Z"", ""website"": """"}"
2311,no_ixp,"{""city"": ""San Antonio"", ""country"": ""US"", ""id"": 2311, ""ix_count"": 0, ""latitude"": 29.471741, ""longitude"": -98.671576, ""name"": ""Stream Data Centers - San Antonio II"", ""net_count"": 2, ""state"": ""TX"", ""status"": ""ok"", ""updated"": ""2025-09-26T22:46:16Z"", ""website"": ""https://www.streamdatacenters.com/""}"
2320,no_ixp,"{""city"": ""Rochester"", ""country"": ""US"", ""id"": 2320, ""ix_count"": 0, ""latitude"": 43.155428, ""longitude"": -77.612713, ""name"": ""Gafachi 1 West Main Rochester"", ""net_count"": 0, ""state"": ""NY"", ""status"": ""ok"", ""updated"": ""2025-09-26T22:46:18Z"", ""website"": """"}"
2335,invalid_coordinates,"{""city"": ""New York"", ""country"": ""US"", ""id"": 2335, ""ix_count"": 0, ""latitude"": null, ""longitude"": null, ""name"": ""601 West 26th Street"", ""net_count"": 2, ""state"": ""NY"", ""status"": ""ok"", ""updated"": ""2025-09-26T22:46:21Z"", ""website"": """"}"
2338,no_ixp,"{""city"": ""Milwaukee"", ""country"": ""US"", ""id"": 2338, ""ix_count"": 0, ""latitude"": 43.044997, ""longitude"": -87.910189, ""name"": ""Vaultas"", ""net_count"": 0, ""state"": ""WI"", ""status"": ""ok"", ""updated"": ""2025-09-26T22:46:21Z"", ""website"": """"}"
2341,no_ixp,"{""city"": ""Houston"", ""country"": ""US"", ""id"": 2341, ""ix_count"": 0, ""latitude"": 29.749429, ""longitude"": -95.471792, ""name"": ""Data Foundry Houston 1"", ""net_count"": 3, ""state"": ""TX"", ""status"": ""ok"", ""updated"": ""2025-09-26T22:46:22Z"", ""website"": ""https://www.datafoundry.com/""}"
2349,no_ixp,"{""city"": ""Minneapolis"", ""country"": ""US"", ""id"": 2349, ""ix_count"": 0, ""latitude"": 44.97859, ""longitude"": -93.266407, ""name"": ""TriTech Center"", ""net_count"": 2, ""state"": ""MN"", ""status"": ""ok"", ""updated"": ""2025-09-26T22:46:23Z"", ""website"": """"}"
2355,no_ixp,"{""city"": ""Wappingers Falls"", ""country"": ""US"", ""id"": 2355, ""ix_count"": 0, ""latitude"": 41.599043, ""longitude"": -73.882221, ""name"": ""CyrusOne Wappingers Falls"", ""net_count"": 0, ""state"": ""NY"", ""status"": ""ok"", ""updated"": ""2025-09-26T22:46:24Z"", ""website"": ""http://www.cyrusone.com""}"
2357,no_ixp,"{""city"": ""Norwalk"", ""country"": ""US"", ""id"": 2357, ""ix_count"": 0, ""latitude"": 41.110989, ""longitude"": -73.39827, ""name"": ""CyrusOne Norwalk"", ""net_count"": 3, ""state"": ""CT"", ""status"": ""ok"", ""updated"": ""2025-09-26T22:46:24Z"", ""website"": ""http://www.cyrusone.com""}"
2379,no_ixp,"{""city"": ""Jacksonville"", ""country"": ""US"", ""id"": 2379, ""ix_count"": 0, ""latitude"": 30.273221, ""longitude"": -81.613866, ""name"": ""Cologix JAX2"", ""net_count"": 6, ""state"": ""FL"", ""status"": ""ok"", ""updated"": ""2025-09-26T22:46:28Z"", ""website"": ""https://www.cologix.com""}"
2380,no_ixp,"{""city"": ""Lakeland"", ""country"": ""US"", ""id"": 2380, ""ix_count"": 0, ""latitude"": 28.079624, ""longitude"": -81.975179, ""name"": ""Cologix LAK1"", ""net_count"": 3, ""state"": ""FL"", ""status"": ""ok"", ""updated"": ""2025-09-26T22:46:28Z"", ""website"": ""https://www.cologix.com""}"
2398,no_ixp,"{""city"": ""Charlotte"", ""country"": ""US"", ""id"": 2398, ""ix_count"": 0, ""latitude"": 35.17868, ""longitude"": -80.928126, ""name"": ""Level(3) Charlotte"", ""net_count"": 0, ""state"": ""NC"", ""status"": ""ok"", ""updated"": ""2025-09-26T22:46:30Z"", ""website"": ""http://www.lumen.com/""}"
2400,no_ixp,"{""city"": ""Asheville"", ""country"": ""US"", ""id"": 2400, ""ix_count"": 0, ""latitude"": 35.594066, ""longitude"": -82.55792, ""name"": ""ERC Broadband"", ""net_count"": 6, ""state"": ""NC"", ""status"": ""ok"", ""updated"": ""2025-09-26T22:46:31Z"", ""website"": """"}"
2412,invalid_coordinates,"{""city"": ""New York"", ""country"": ""US"", ""id"": 2412, ""ix_count"": 0, ""latitude"": null, ""longitude"": null, ""name"": ""Hudson Interxchange - New York - 60 Hudson"", ""net_count"": 4, ""state"": ""NY"", ""status"": ""ok"", ""updated"": ""2025-09-26T22:46:32Z"", ""website"": ""https://hudsonix.com/""}"
2432,no_ixp,"{""city"": ""Boise"", ""country"": ""US"", ""id"": 2432, ""ix_count"": 0, ""latitude"": 43.606214, ""longitude"": -116.303601, ""name"": ""DataSite, Boise"", ""net_count"": 0, ""state"": ""ID"", ""status"": ""ok"", ""updated"": ""2025-09-26T22:46:35Z"", ""website"": """"}"
2433,no_ixp,"{""city"": ""Seattle"", ""country"": ""US"", ""id"": 2433, ""ix_count"": 0, ""latitude"": 47.614347, ""longitude"": -122.338883, ""name"": ""Lunavi - Westin1809"", ""net_count"": 3, ""state"": ""WA"", ""status"": ""ok"", ""updated"": ""2025-09-26T22:46:35Z"", ""website"": ""https://lunavi.com/""}"
2434,no_ixp,"{""city"": ""Seattle"", ""country"": ""US"", ""id"": 2434, ""ix_count"": 0, ""latitude"": 47.614347, ""longitude"": -122.338883, ""name"": ""Lunavi - Westin1969"", ""net_count"": 1, ""state"": ""WA"", ""status"": ""ok"", ""updated"": ""2025-09-26T22:46:35Z"", ""website"": ""https://lunavi.com/""}"
2435,no_ixp,"{""city"": ""Seattle"", ""country"": ""US"", ""id"": 2435, ""ix_count"": 0, ""latitude"": 47.614347, ""longitude"": -122.338883, ""name"": ""Lunavi - Westin3205"", ""net_count"": 1, ""state"": ""WA"", ""status"": ""ok"", ""updated"": ""2025-09-26T22:46:36Z"", ""website"": ""https://lunavi.com/""}"
2440,no_ixp,"{""city"": ""Chaska"", ""country"": ""US"", ""id"": 2440, ""ix_count"": 0, ""latitude"": 44.851292, ""longitude"": -93.599549, ""name"": ""Flexential - Minneapolis/Chaska (MSP01)"", ""net_count"": 6, ""state"": ""MN"", ""status"": ""ok"", ""updated"": ""2025-09-26T22:46:36Z"", ""website"": ""https://www.flexential.com/""}"
2441,no_ixp,"{""city"": ""Las Vegas"", ""country"": ""US"", ""id"": 2441, ""ix_count"": 0, ""latitude"": 36.168644, ""longitude"": -115.143561, ""name"": ""Flexential - Las Vegas/Downtown (LAS03)"", ""net_count"": 6, ""state"": ""NV"", ""status"": ""ok"", ""updated"": ""2025-09-26T22:46:37Z"", ""website"": ""https://www.flexential.com/""}"
2442,no_ixp,"{""city"": ""Las Vegas"", ""country"": ""US"", ""id"": 2442, ""ix_count"": 0, ""latitude"": 36.168333, ""longitude"": -115.143126, ""name"": ""Flexential - Las Vegas/Downtown (LAS05)"", ""net_count"": 2, ""state"": ""NV"", ""status"": ""ok"", ""updated"": ""2025-09-26T22:46:37Z"", ""website"": ""https://www.flexential.com/""}"
2449,no_ixp,"{""city"": ""Centennial"", ""country"": ""US"", ""id"": 2449, ""ix_count"": 0, ""latitude"": 39.594144, ""longitude"": -104.843142, ""name"": ""Flexential - Denver/Centennial (DEN05)"", ""net_count"": 3, ""state"": ""CO"", ""status"": ""ok"", ""updated"": ""2025-09-26T22:46:38Z"", ""website"": ""https://www.flexential.com/""}"
2450,no_ixp,"{""city"": ""Denver"", ""country"": ""US"", ""id"": 2450, ""ix_count"": 0, ""latitude"": 39.745765, ""longitude"": -104.994399, ""name"": ""Flexential - Denver/Downtown (DEN02)"", ""net_count"": 5, ""state"": ""CO"", ""status"": ""ok"", ""updated"": ""2025-09-26T22:46:38Z"", ""website"": ""https://www.flexential.com/""}"
2452,no_ixp,"{""city"": ""Richardson"", ""country"": ""US"", ""id"": 2452, ""ix_count"": 0, ""latitude"": 32.993304, ""longitude"": -96.756242, ""name"": ""Flexential - Dallas/Richardson (RCH01)"", ""net_count"": 4, ""state"": ""TX"", ""status"": ""ok"", ""updated"": ""2025-09-26T22:46:39Z"", ""website"": ""https://www.flexential.com/""}"
2454,no_ixp,"{""city"": ""Lindon"", ""country"": ""US"", ""id"": 2454, ""ix_count"": 0, ""latitude"": 40.332493, ""longitude"": -111.728052, ""name"": ""Flexential - Salt Lake City/Lindon (SLC03)"", ""net_count"": 4, ""state"": ""UT"", ""status"": ""ok"", ""updated"": ""2025-09-26T22:46:39Z"", ""website"": ""https://www.flexential.com/""}"
2455,no_ixp,"{""city"": ""Salt Lake City"", ""country"": ""US"", ""id"": 2455, ""ix_count"": 0, ""latitude"": 40.634811, ""longitude"": -111.805979, ""name"": ""Flexential - Salt Lake City/Cottonwood (SLC05)"", ""net_count"": 1, ""state"": ""UT"", ""status"": ""ok"", ""updated"": ""2025-09-26T22:46:39Z"", ""website"": ""https://www.flexential.com/""}"
2456,no_ixp,"{""city"": ""Salt Lake City"", ""country"": ""US"", ""id"": 2456, ""ix_count"": 0, ""latitude"": 40.766785, ""longitude"": -111.920263, ""name"": ""Flexential - Salt Lake City/Fairpark (SLC07)"", ""net_count"": 3, ""state"": ""UT"", ""status"": ""ok"", ""updated"": ""2025-09-26T22:46:39Z"", ""website"": ""https://www.flexential.com/""}"
2457,no_ixp,"{""city"": ""West Jordan"", ""country"": ""US"", ""id"": 2457, ""ix_count"": 0, ""latitude"": 40.620556, ""longitude"": -111.984644, ""name"": ""Flexential - Salt Lake City/South Valley (SLC09)"", ""net_count"": 3, ""state"": ""UT"", ""status"": ""ok"", ""updated"": ""2025-09-26T22:46:39Z"", ""website"": ""https://www.flexential.com/""}"
2458,no_ixp,"{""city"": ""Salt Lake City"", ""country"": ""US"", ""id"": 2458, ""ix_count"": 0, ""latitude"": 40.685494, ""longitude"": -111.885063, ""name"": ""Flexential - Salt Lake City/Millcreek (SLC10)"", ""net_count"": 2, ""state"": ""UT"", ""status"": ""ok"", ""updated"": ""2025-09-26T22:46:40Z"", ""website"": ""https://www.flexential.com/""}"
2508,no_ixp,"{""city"": ""Cedar Knolls"", ""country"": ""US"", ""id"": 2508, ""ix_count"": 0, ""latitude"": 40.831821, ""longitude"": -74.448794, ""name"": ""Cologix NNJ2"", ""net_count"": 3, ""state"": ""NJ"", ""status"": ""ok"", ""updated"": ""2025-09-26T22:46:47Z"", ""website"": ""https://www.cologix.com""}"
2509,no_ixp,"{""city"": ""Parsippany"", ""country"": ""US"", ""id"": 2509, ""ix_count"": 0, ""latitude"": 40.857084, ""longitude"": -74.418907, ""name"": ""Cologix NNJ3"", ""net_count"": 7, ""state"": ""NJ"", ""status"": ""ok"", ""updated"": ""2025-09-26T22:46:47Z"", ""website"": ""https://www.cologix.com""}"
2511,no_ixp,"{""city"": ""Austin"", ""country"": ""US"", ""id"": 2511, ""ix_count"": 0, ""latitude"": 30.261059, ""longitude"": -97.722123, ""name"": ""Alpheus Austin (1905 E. 6th Street)"", ""net_count"": 2, ""state"": ""TX"", ""status"": ""ok"", ""updated"": ""2025-09-26T22:46:47Z"", ""website"": """"}"
2520,no_ixp,"{""city"": ""Orem"", ""country"": ""US"", ""id"": 2520, ""ix_count"": 0, ""latitude"": 40.326235, ""longitude"": -111.681642, ""name"": ""Voonami SLC1"", ""net_count"": 1, ""state"": ""UT"", ""status"": ""ok"", ""updated"": ""2025-09-26T22:46:49Z"", ""website"": ""https://www.voonami.com/""}"
2530,no_ixp,"{""available_voltage_services"": [""48 VDC""], ""city"": ""Cheyenne"", ""country"": ""US"", ""id"": 2530, ""ix_count"": 0, ""latitude"": 41.131025, ""longitude"": -104.900887, ""name"": ""ACT Cheyenne"", ""net_count"": 6, ""state"": """", ""status"": ""ok"", ""updated"": ""2025-09-26T22:46:51Z"", ""website"": ""http://Range.net""}"
2531,invalid_coordinates,"{""city"": ""Chugwater"", ""country"": ""US"", ""id"": 2531, ""ix_count"": 0, ""latitude"": null, ""longitude"": null, ""name"": ""ACT Chugwater"", ""net_count"": 2, ""state"": ""WY"", ""status"": ""ok"", ""updated"": ""2025-09-26T22:46:51Z"", ""website"": ""http://Range.net""}"
2532,no_ixp,"{""city"": ""Wheatland"", ""country"": ""US"", ""id"": 2532, ""ix_count"": 0, ""latitude"": 42.045087, ""longitude"": -104.963884, ""name"": ""ACT Wheatland"", ""net_count"": 1, ""state"": ""WY"", ""status"": ""ok"", ""updated"": ""2025-09-26T22:46:51Z"", ""website"": ""http://Range.net""}"
2533,no_ixp,"{""city"": ""Douglas"", ""country"": ""US"", ""id"": 2533, ""ix_count"": 0, ""latitude"": 42.734225, ""longitude"": -105.338279, ""name"": ""ACT Douglas"", ""net_count"": 2, ""state"": ""WY"", ""status"": ""ok"", ""updated"": ""2025-09-26T22:46:51Z"", ""website"": ""http://Range.net""}"
2534,no_ixp,"{""city"": ""Casper"", ""country"": ""US"", ""id"": 2534, ""ix_count"": 0, ""latitude"": 42.852917, ""longitude"": -106.319088, ""name"": ""ACT Casper"", ""net_count"": 2, ""state"": ""WY"", ""status"": ""ok"", ""updated"": ""2025-09-26T22:46:52Z"", ""website"": ""http://Range.net""}"
2535,no_ixp,"{""city"": ""Riverton"", ""country"": ""US"", ""id"": 2535, ""ix_count"": 0, ""latitude"": 43.023952, ""longitude"": -108.3816, ""name"": ""ACT Riverton"", ""net_count"": 1, ""state"": ""WY"", ""status"": ""ok"", ""updated"": ""2025-09-26T22:46:52Z"", ""website"": ""http://Range.net""}"
2536,no_ixp,"{""city"": ""Gillette"", ""country"": ""US"", ""id"": 2536, ""ix_count"": 0, ""latitude"": 44.246829, ""longitude"": -105.504717, ""name"": ""ACT Gillette"", ""net_count"": 1, ""state"": ""WY"", ""status"": ""ok"", ""updated"": ""2025-09-26T22:46:52Z"", ""website"": ""http://Range.net""}"
2537,no_ixp,"{""available_voltage_services"": [""48 VDC""], ""city"": ""Buffalo"", ""country"": ""US"", ""id"": 2537, ""ix_count"": 0, ""latitude"": 44.354194, ""longitude"": -106.696638, ""name"": ""ACT Buffalo"", ""net_count"": 1, ""state"": ""WY"", ""status"": ""ok"", ""updated"": ""2025-09-26T22:46:52Z"", ""website"": ""http://Range.net""}"
2538,no_ixp,"{""city"": ""Sheridan"", ""country"": ""US"", ""id"": 2538, ""ix_count"": 0, ""latitude"": 44.797251, ""longitude"": -106.955883, ""name"": ""ACT Sheridan"", ""net_count"": 1, ""state"": ""WY"", ""status"": ""ok"", ""updated"": ""2025-09-26T22:46:53Z"", ""website"": ""http://Range.net""}"
2539,no_ixp,"{""city"": ""Colstrip"", ""country"": ""US"", ""id"": 2539, ""ix_count"": 0, ""latitude"": 45.89347, ""longitude"": -106.618344, ""name"": ""ACT Colstrip"", ""net_count"": 1, ""state"": ""MT"", ""status"": ""ok"", ""updated"": ""2025-09-26T22:46:53Z"", ""website"": ""http://Range.net""}"
2553,no_ixp,"{""city"": ""Buffalo"", ""country"": ""US"", ""id"": 2553, ""ix_count"": 0, ""latitude"": 42.893011, ""longitude"": -78.875279, ""name"": ""325 Delaware Ave"", ""net_count"": 3, ""state"": ""NY"", ""status"": ""ok"", ""updated"": ""2025-09-26T22:46:54Z"", ""website"": """"}"
2571,no_ixp,"{""city"": ""Elk Grove Village"", ""country"": ""US"", ""id"": 2571, ""ix_count"": 0, ""latitude"": 42.00687, ""longitude"": -87.96457, ""name"": ""Forsythe Data Centers"", ""net_count"": 0, ""state"": ""IL"", ""status"": ""ok"", ""updated"": ""2025-09-26T22:46:55Z"", ""website"": """"}"
2572,no_ixp,"{""available_voltage_services"": [""400 VAC""], ""city"": ""Evans"", ""country"": ""US"", ""id"": 2572, ""ix_count"": 0, ""latitude"": 33.545316, ""longitude"": -82.135633, ""name"": ""Columbia County Community Broadband Utility"", ""net_count"": 2, ""state"": ""GA"", ""status"": ""ok"", ""updated"": ""2025-09-26T22:46:56Z"", ""website"": ""http://www.c3bu.net""}"
2594,no_ixp,"{""city"": ""Lewis Center"", ""country"": ""US"", ""id"": 2594, ""ix_count"": 0, ""latitude"": 40.16884, ""longitude"": -83.010799, ""name"": ""Centersquare Columbus (CMH1)"", ""net_count"": 5, ""state"": ""OH"", ""status"": ""ok"", ""updated"": ""2025-09-26T22:46:58Z"", ""website"": ""https://www.centersquaredc.com/""}"
2596,no_ixp,"{""city"": ""Sterling"", ""country"": ""US"", ""id"": 2596, ""ix_count"": 0, ""latitude"": 39.023339, ""longitude"": -77.413194, ""name"": ""Centersquare Northern Virginia (IAD1-A/F)"", ""net_count"": 10, ""state"": ""VA"", ""status"": ""ok"", ""updated"": ""2025-09-26T22:46:59Z"", ""website"": ""https://www.centersquaredc.com/""}"
2600,no_ixp,"{""city"": ""Madison"", ""country"": ""US"", ""id"": 2600, ""ix_count"": 0, ""latitude"": 43.04802, ""longitude"": -89.297331, ""name"": ""EdgeConneX Madison (EDCMAD01)"", ""net_count"": 4, ""state"": ""WI"", ""status"": ""ok"", ""updated"": ""2025-09-26T22:46:59Z"", ""website"": ""http://www.edgeconnex.com""}"
2601,no_ixp,"{""city"": ""Eden Prairie"", ""country"": ""US"", ""id"": 2601, ""ix_count"": 0, ""latitude"": 44.878844, ""longitude"": -93.404156, ""name"": ""EdgeConneX Minneapolis (EDCMSP01)"", ""net_count"": 5, ""state"": ""MN"", ""status"": ""ok"", ""updated"": ""2025-09-26T22:46:59Z"", ""website"": ""http://www.edgeconnex.com""}"
2615,no_ixp,"{""city"": ""Sterling"", ""country"": ""US"", ""id"": 2615, ""ix_count"": 0, ""latitude"": 39.025283, ""longitude"": -77.413213, ""name"": ""Centersquare Northern Virginia (IAD1-C/E)"", ""net_count"": 3, ""state"": ""VA"", ""status"": ""ok"", ""updated"": ""2025-09-26T22:47:00Z"", ""website"": ""https://www.centersquaredc.com/""}"
2623,no_ixp,"{""city"": ""Englewood"", ""country"": ""US"", ""id"": 2623, ""ix_count"": 0, ""latitude"": 39.560863, ""longitude"": -104.830727, ""name"": ""Centersquare Denver (DEN2)"", ""net_count"": 2, ""state"": ""CO"", ""status"": ""ok"", ""updated"": ""2025-09-26T22:47:01Z"", ""website"": ""https://www.centersquaredc.com/""}"
2633,no_ixp,"{""city"": ""Shakopee"", ""country"": ""US"", ""id"": 2633, ""ix_count"": 0, ""latitude"": 44.778828, ""longitude"": -93.461982, ""name"": ""Centersquare Minneapolis (MSP1)"", ""net_count"": 3, ""state"": ""MN"", ""status"": ""ok"", ""updated"": ""2025-09-26T22:47:02Z"", ""website"": ""https://www.centersquaredc.com/""}"
2653,no_ixp,"{""city"": ""Sunnyvale"", ""country"": ""US"", ""id"": 2653, ""ix_count"": 0, ""latitude"": 37.372078, ""longitude"": -121.986073, ""name"": ""Centersquare Silicon Valley (SFO3)"", ""net_count"": 2, ""state"": ""CA"", ""status"": ""ok"", ""updated"": ""2025-09-26T22:47:05Z"", ""website"": ""https://www.centersquaredc.com/""}"
2655,no_ixp,"{""city"": ""Tampa"", ""country"": ""US"", ""id"": 2655, ""ix_count"": 0, ""latitude"": 27.945324, ""longitude"": -82.351199, ""name"": ""Centersquare Tampa (TPA1)"", ""net_count"": 1, ""state"": ""FL"", ""status"": ""ok"", ""updated"": ""2025-09-26T22:47:05Z"", ""website"": ""https://www.centersquaredc.com/""}"
2733,no_ixp,"{""city"": ""Belle Plaine"", ""country"": ""US"", ""id"": 2733, ""ix_count"": 0, ""latitude"": 44.624122, ""longitude"": -93.778109, ""name"": ""NP Belle Plaine (MSP1)"", ""net_count"": 4, ""state"": ""MN"", ""status"": ""ok"", ""updated"": ""2025-09-26T22:47:14Z"", ""website"": """"}"
2754,no_ixp,"{""city"": ""Amherst"", ""country"": ""US"", ""id"": 2754, ""ix_count"": 0, ""latitude"": 43.018107, ""longitude"": -78.784612, ""name"": ""I-Evolve Technology Datacenter Amherst"", ""net_count"": 2, ""state"": ""NY"", ""status"": ""ok"", ""updated"": ""2025-09-26T22:47:17Z"", ""website"": ""http://www.i-evolve.com/""}"
2756,no_ixp,"{""city"": ""Salt Lake City"", ""country"": ""US"", ""id"": 2756, ""ix_count"": 0, ""latitude"": 40.7997, ""longitude"": -111.946913, ""name"": ""Lowest Host/Empire Technology"", ""net_count"": 0, ""state"": ""UT"", ""status"": ""ok"", ""updated"": ""2025-09-26T22:47:17Z"", ""website"": """"}"
2770,no_ixp,"{""city"": ""Northlake"", ""country"": ""US"", ""id"": 2770, ""ix_count"": 0, ""latitude"": 41.920029, ""longitude"": -87.912164, ""name"": ""Ascent - CH2"", ""net_count"": 2, ""state"": ""IL"", ""status"": ""ok"", ""updated"": ""2025-09-26T22:47:19Z"", ""website"": ""http://www.ascent-corp.com/""}"
2781,no_ixp,"{""city"": ""Los Angeles"", ""country"": ""US"", ""id"": 2781, ""ix_count"": 0, ""latitude"": 34.049219, ""longitude"": -118.257002, ""name"": ""MultaCom Main"", ""net_count"": 3, ""state"": ""CA"", ""status"": ""ok"", ""updated"": ""2025-09-26T22:47:20Z"", ""website"": ""http://www.multacom.com""}"
2782,no_ixp,"{""city"": ""Los Angeles"", ""country"": ""US"", ""id"": 2782, ""ix_count"": 0, ""latitude"": 34.047942, ""longitude"": -118.255564, ""name"": ""Multacom One Wilshire"", ""net_count"": 1, ""state"": ""CA"", ""status"": ""ok"", ""updated"": ""2025-09-26T22:47:20Z"", ""website"": ""http://www.multacom.com""}"
2783,no_ixp,"{""city"": ""Los Angeles"", ""country"": ""US"", ""id"": 2783, ""ix_count"": 0, ""latitude"": 34.048428, ""longitude"": -118.255186, ""name"": ""Multacom Telecom Center"", ""net_count"": 1, ""state"": ""CA"", ""status"": ""ok"", ""updated"": ""2025-09-26T22:47:20Z"", ""website"": ""http://www.multacom.com""}"
2793,no_ixp,"{""city"": ""Kansas City"", ""country"": ""US"", ""id"": 2793, ""ix_count"": 0, ""latitude"": 39.101274, ""longitude"": -94.578821, ""name"": ""NetSolus Inc"", ""net_count"": 1, ""state"": ""MO"", ""status"": ""ok"", ""updated"": ""2025-09-26T22:47:21Z"", ""website"": """"}"
2835,no_ixp,"{""city"": ""Sioux Falls"", ""country"": ""US"", ""id"": 2835, ""ix_count"": 0, ""latitude"": 43.546529, ""longitude"": -96.764101, ""name"": ""SDN Communications Campus Sioux Falls South Dakota"", ""net_count"": 3, ""state"": ""SD"", ""status"": ""ok"", ""updated"": ""2025-09-26T22:47:24Z"", ""website"": ""http://www.sdncommunications.com""}"
2836,no_ixp,"{""city"": ""Sioux Falls"", ""country"": ""US"", ""id"": 2836, ""ix_count"": 0, ""latitude"": 43.605177, ""longitude"": -96.808315, ""name"": ""SDN Communication Mark Shlanta Technology Park"", ""net_count"": 4, ""state"": ""SD"", ""status"": ""ok"", ""updated"": ""2025-10-15T14:50:36Z"", ""website"": ""http://www.sdncommunications.com""}"
2853,no_ixp,"{""city"": ""Austin"", ""country"": ""US"", ""id"": 2853, ""ix_count"": 0, ""latitude"": 30.273541, ""longitude"": -97.742944, ""name"": ""BESTNAP"", ""net_count"": 0, ""state"": ""TX"", ""status"": ""ok"", ""updated"": ""2025-09-26T22:47:25Z"", ""website"": ""https://www.bestline.net""}"
2929,no_ixp,"{""city"": ""Pittsburgh"", ""country"": ""US"", ""id"": 2929, ""ix_count"": 0, ""latitude"": 40.451862, ""longitude"": -80.006977, ""name"": ""Zayo Pittsburgh - 2500 Allegheny Center Mall"", ""net_count"": 2, ""state"": ""PA"", ""status"": ""ok"", ""updated"": ""2025-09-26T22:47:30Z"", ""website"": ""https://www.zayo.com/""}"
2936,no_ixp,"{""city"": ""Nashville"", ""country"": ""US"", ""id"": 2936, ""ix_count"": 0, ""latitude"": 36.155165, ""longitude"": -86.782559, ""name"": ""Zayo Nashville - 209 10th Ave. S"", ""net_count"": 1, ""state"": ""TN"", ""status"": ""ok"", ""updated"": ""2025-09-26T22:47:30Z"", ""website"": ""https://www.zayo.com/""}"
2943,no_ixp,"{""city"": ""Cleveland"", ""country"": ""US"", ""id"": 2943, ""ix_count"": 0, ""latitude"": 41.506167, ""longitude"": -81.68395, ""name"": ""Zayo Cleveland - 1525 Rockwell Ave"", ""net_count"": 0, ""state"": ""OH"", ""status"": ""ok"", ""updated"": ""2025-09-26T22:47:31Z"", ""website"": ""https://www.zayo.com/""}"
2954,no_ixp,"{""city"": ""Scottsdale"", ""country"": ""US"", ""id"": 2954, ""ix_count"": 0, ""latitude"": 33.632423, ""longitude"": -111.917795, ""name"": ""Sungard AS Scottsdale"", ""net_count"": 2, ""state"": ""AZ"", ""status"": ""ok"", ""updated"": ""2025-09-26T22:47:32Z"", ""website"": ""https://www.sungardas.com/""}"
2955,no_ixp,"{""city"": ""Houston"", ""country"": ""US"", ""id"": 2955, ""ix_count"": 0, ""latitude"": 29.753536, ""longitude"": -95.365771, ""name"": ""INAP Houston"", ""net_count"": 4, ""state"": ""TX"", ""status"": ""ok"", ""updated"": ""2025-09-26T22:47:32Z"", ""website"": ""http://www.inap.com""}"
2956,no_ixp,"{""city"": ""Chicago"", ""country"": ""US"", ""id"": 2956, ""ix_count"": 0, ""latitude"": 41.874224, ""longitude"": -87.629937, ""name"": ""DataBank Chicago (ORD1)"", ""net_count"": 4, ""state"": ""IL"", ""status"": ""ok"", ""updated"": ""2025-09-26T22:47:32Z"", ""website"": ""http://www.databank.com""}"
2958,no_ixp,"{""city"": ""Memphis"", ""country"": ""US"", ""id"": 2958, ""ix_count"": 0, ""latitude"": 35.203086, ""longitude"": -89.808615, ""name"": ""DataBank Memphis (MEM1)"", ""net_count"": 5, ""state"": ""TN"", ""status"": ""ok"", ""updated"": ""2025-09-26T22:47:32Z"", ""website"": ""http://www.databank.com""}"
2959,no_ixp,"{""city"": ""Minneapolis"", ""country"": ""US"", ""id"": 2959, ""ix_count"": 0, ""latitude"": 44.98646, ""longitude"": -93.411433, ""name"": ""Zayo Minneapolis - 10300 6th Ave N"", ""net_count"": 3, ""state"": ""MN"", ""status"": ""ok"", ""updated"": ""2025-09-26T22:47:33Z"", ""website"": ""https://www.zayo.com/""}"
2960,no_ixp,"{""city"": ""Mount Prospect"", ""country"": ""US"", ""id"": 2960, ""ix_count"": 0, ""latitude"": 42.078055, ""longitude"": -87.923547, ""name"": ""DataBank Chicago (ORD3)"", ""net_count"": 3, ""state"": ""IL"", ""status"": ""ok"", ""updated"": ""2025-09-26T22:47:33Z"", ""website"": ""http://www.databank.com""}"
2971,no_ixp,"{""city"": ""Washington"", ""country"": ""US"", ""id"": 2971, ""ix_count"": 0, ""latitude"": 38.904888, ""longitude"": -77.047082, ""name"": ""Zayo Washington DC - 2100 M Street NW"", ""net_count"": 2, ""state"": ""DC"", ""status"": ""ok"", ""updated"": ""2025-09-26T22:47:34Z"", ""website"": ""https://www.zayo.com/""}"
2972,no_ixp,"{""city"": ""Tukwila"", ""country"": ""US"", ""id"": 2972, ""ix_count"": 0, ""latitude"": 47.495027, ""longitude"": -122.290569, ""name"": ""DataBank Seattle (SEA2)"", ""net_count"": 4, ""state"": ""WA"", ""status"": ""ok"", ""updated"": ""2025-09-26T22:47:34Z"", ""website"": ""http://www.databank.com""}"
2973,no_ixp,"{""city"": ""San Jose"", ""country"": ""US"", ""id"": 2973, ""ix_count"": 0, ""latitude"": 37.333597, ""longitude"": -121.887886, ""name"": ""DataPipe Silicon Valley One"", ""net_count"": 2, ""state"": ""CA"", ""status"": ""ok"", ""updated"": ""2025-09-26T22:47:34Z"", ""website"": """"}"
2974,no_ixp,"{""city"": ""Austin"", ""country"": ""US"", ""id"": 2974, ""ix_count"": 0, ""latitude"": 30.27167, ""longitude"": -97.738559, ""name"": ""1011 San Jacinto"", ""net_count"": 1, ""state"": ""TX"", ""status"": ""ok"", ""updated"": ""2025-09-26T22:47:35Z"", ""website"": """"}"
2976,no_ixp,"{""city"": ""Charlotte"", ""country"": ""US"", ""id"": 2976, ""ix_count"": 0, ""latitude"": 35.222057, ""longitude"": -80.8353, ""name"": ""Digital Realty CLT (125 N Myers St)"", ""net_count"": 6, ""state"": ""NC"", ""status"": ""ok"", ""updated"": ""2025-09-26T22:47:35Z"", ""website"": ""https://www.digitalrealty.com""}"
2977,no_ixp,"{""city"": ""Englewood"", ""country"": ""US"", ""id"": 2977, ""ix_count"": 0, ""latitude"": 39.564112, ""longitude"": -104.866554, ""name"": ""DataBank Denver (DEN1)"", ""net_count"": 4, ""state"": ""CO"", ""status"": ""ok"", ""updated"": ""2025-09-26T22:47:35Z"", ""website"": ""http://www.databank.com""}"
2978,no_ixp,"{""city"": ""Fort Worth"", ""country"": ""US"", ""id"": 2978, ""ix_count"": 0, ""latitude"": 32.751443, ""longitude"": -97.331678, ""name"": ""Alpheus Fort Worth (307 W 7th St)"", ""net_count"": 0, ""state"": ""TX"", ""status"": ""ok"", ""updated"": ""2025-09-26T22:47:36Z"", ""website"": """"}"
2979,no_ixp,"{""city"": ""Piscataway"", ""country"": ""US"", ""id"": 2979, ""ix_count"": 0, ""latitude"": 40.554537, ""longitude"": -74.4569, ""name"": ""Digital Realty EWR (3 Corporate Pl)"", ""net_count"": 5, ""state"": ""NJ"", ""status"": ""ok"", ""updated"": ""2025-09-26T22:47:36Z"", ""website"": ""https://www.digitalrealty.com""}"
2980,no_ixp,"{""city"": ""Irvine"", ""country"": ""US"", ""id"": 2980, ""ix_count"": 0, ""latitude"": 33.690423, ""longitude"": -117.840518, ""name"": ""DataBank Irvine (SNA1)"", ""net_count"": 4, ""state"": ""CA"", ""status"": ""ok"", ""updated"": ""2025-09-26T22:47:36Z"", ""website"": ""http://www.databank.com""}"
2983,no_ixp,"{""city"": ""Oak Brook"", ""country"": ""US"", ""id"": 2983, ""ix_count"": 0, ""latitude"": 41.846308, ""longitude"": -87.939656, ""name"": ""US Signal - Oak Brook"", ""net_count"": 0, ""state"": ""IL"", ""status"": ""ok"", ""updated"": ""2025-09-26T22:47:37Z"", ""website"": """"}"
2988,no_ixp,"{""city"": ""Vienna"", ""country"": ""US"", ""id"": 2988, ""ix_count"": 0, ""latitude"": 38.913686, ""longitude"": -77.225887, ""name"": ""Gosnell - International Gateway 1 (8100 Boone)"", ""net_count"": 0, ""state"": ""VA"", ""status"": ""ok"", ""updated"": ""2025-09-26T22:47:37Z"", ""website"": ""https://www.gosnell.com""}"
2989,no_ixp,"{""city"": ""Reston"", ""country"": ""US"", ""id"": 2989, ""ix_count"": 0, ""latitude"": 38.948869, ""longitude"": -77.329428, ""name"": ""Evocative Virginia (VA1)"", ""net_count"": 4, ""state"": ""VA"", ""status"": ""ok"", ""updated"": ""2025-09-26T22:47:38Z"", ""website"": ""http://www.vpls.com""}"
3011,no_ixp,"{""city"": ""Sioux City"", ""country"": ""US"", ""id"": 3011, ""ix_count"": 0, ""latitude"": 42.483287, ""longitude"": -96.348107, ""name"": ""Long Lines Data Center"", ""net_count"": 2, ""state"": ""IA"", ""status"": ""ok"", ""updated"": ""2026-05-08T19:42:57Z"", ""website"": ""http://www.longlines.com""}"
3012,no_ixp,"{""city"": ""Los Angeles"", ""country"": ""US"", ""id"": 3012, ""ix_count"": 0, ""latitude"": 34.048428, ""longitude"": -118.255186, ""name"": ""UnitedLayer Los Angeles"", ""net_count"": 0, ""state"": ""CA"", ""status"": ""ok"", ""updated"": ""2025-09-26T22:47:39Z"", ""website"": ""https://unitedlayer.com""}"
3013,no_ixp,"{""city"": ""Philadelphia"", ""country"": ""US"", ""id"": 3013, ""ix_count"": 0, ""latitude"": 39.892465, ""longitude"": -75.165482, ""name"": ""TierPoint Philadelphia"", ""net_count"": 2, ""state"": ""PA"", ""status"": ""ok"", ""updated"": ""2025-09-26T22:47:39Z"", ""website"": ""http://www.tierpoint.com""}"
3049,invalid_coordinates,"{""city"": ""Philadelphia"", ""country"": ""US"", ""id"": 3049, ""ix_count"": 0, ""latitude"": null, ""longitude"": null, ""name"": ""Web Werks US 1"", ""net_count"": 0, ""state"": """", ""status"": ""ok"", ""updated"": ""2025-09-26T22:47:41Z"", ""website"": ""http://www.webwerks.in""}"
3050,invalid_coordinates,"{""city"": ""Conshohocken"", ""country"": ""US"", ""id"": 3050, ""ix_count"": 0, ""latitude"": null, ""longitude"": null, ""name"": ""Web Werks US 2"", ""net_count"": 0, ""state"": ""PA"", ""status"": ""ok"", ""updated"": ""2025-09-26T22:47:42Z"", ""website"": ""http://www.webwerks.in""}"
3080,no_ixp,"{""city"": ""Ashburn"", ""country"": ""US"", ""id"": 3080, ""ix_count"": 0, ""latitude"": 39.013682, ""longitude"": -77.451713, ""name"": ""H5 Data Centers Ashburn"", ""net_count"": 3, ""state"": ""VA"", ""status"": ""ok"", ""updated"": ""2025-09-26T22:47:43Z"", ""website"": ""http://h5datacenters.com/""}"
3088,no_ixp,"{""city"": ""Luckey"", ""country"": ""US"", ""id"": 3088, ""ix_count"": 0, ""latitude"": 41.481022, ""longitude"": -83.451231, ""name"": ""Amplex DC0"", ""net_count"": 1, ""state"": ""OH"", ""status"": ""ok"", ""updated"": ""2025-09-26T22:47:44Z"", ""website"": ""http://www.amplex.net/""}"
3099,no_ixp,"{""city"": ""Dallas"", ""country"": ""US"", ""id"": 3099, ""ix_count"": 0, ""latitude"": 32.783819, ""longitude"": -96.79463, ""name"": ""GIP Dallas"", ""net_count"": 4, ""state"": ""TX"", ""status"": ""ok"", ""updated"": ""2025-09-26T22:47:46Z"", ""website"": ""http://www.gipnetworks.com""}"
3127,no_ixp,"{""city"": ""Hiawatha"", ""country"": ""US"", ""id"": 3127, ""ix_count"": 0, ""latitude"": 42.05634, ""longitude"": -91.679566, ""name"": ""Enseva Cedar Rapids"", ""net_count"": 3, ""state"": ""IA"", ""status"": ""ok"", ""updated"": ""2025-09-26T22:47:46Z"", ""website"": ""http://www.enseva.com""}"
3149,no_ixp,"{""city"": ""Kapolei"", ""country"": ""US"", ""id"": 3149, ""ix_count"": 0, ""latitude"": 21.335728, ""longitude"": -158.086738, ""name"": ""AlohaNAP"", ""net_count"": 1, ""state"": ""HI"", ""status"": ""ok"", ""updated"": ""2025-09-26T22:47:48Z"", ""website"": """"}"
3186,no_ixp,"{""city"": ""Tacoma"", ""country"": ""US"", ""id"": 3186, ""ix_count"": 0, ""latitude"": 47.253338, ""longitude"": -122.436709, ""name"": ""Optic Fusion - Perkins Building"", ""net_count"": 2, ""state"": ""WA"", ""status"": ""ok"", ""updated"": ""2025-09-26T22:47:50Z"", ""website"": ""http://www.opticfusion.net""}"
3187,no_ixp,"{""city"": ""Seattle"", ""country"": ""US"", ""id"": 3187, ""ix_count"": 0, ""latitude"": 47.614358, ""longitude"": -122.338864, ""name"": ""Optic Fusion - Westin Building 2505"", ""net_count"": 1, ""state"": ""WA"", ""status"": ""ok"", ""updated"": ""2025-09-26T22:47:50Z"", ""website"": ""http://www.opticfusion.net""}"
3286,no_ixp,"{""city"": ""South Burlington"", ""country"": ""US"", ""id"": 3286, ""ix_count"": 0, ""latitude"": 44.45418, ""longitude"": -73.141763, ""name"": ""Tech Vault South Burlington"", ""net_count"": 2, ""state"": ""VT"", ""status"": ""ok"", ""updated"": ""2025-09-26T22:47:57Z"", ""website"": ""http://www.techvault.net""}"
3322,no_ixp,"{""city"": ""Houston"", ""country"": ""US"", ""id"": 3322, ""ix_count"": 0, ""latitude"": 29.759292, ""longitude"": -95.366313, ""name"": ""Consolidated - 811 Louisiana"", ""net_count"": 4, ""state"": ""TX"", ""status"": ""ok"", ""updated"": ""2025-09-26T22:48:00Z"", ""website"": ""https://www.consolidated.com""}"
3345,no_ixp,"{""city"": ""Providence"", ""country"": ""US"", ""id"": 3345, ""ix_count"": 0, ""latitude"": 41.817374, ""longitude"": -71.427671, ""name"": ""Prov.net PVD1 (1155 Westminster)"", ""net_count"": 2, ""state"": ""RI"", ""status"": ""ok"", ""updated"": ""2025-09-26T22:48:05Z"", ""website"": ""http://www.prov.net""}"
3346,no_ixp,"{""city"": ""Providence"", ""country"": ""US"", ""id"": 3346, ""ix_count"": 0, ""latitude"": 41.817622, ""longitude"": -71.429267, ""name"": ""Prov.net PVD2 (304 Carpenter)"", ""net_count"": 5, ""state"": ""RI"", ""status"": ""ok"", ""updated"": ""2025-09-26T22:48:05Z"", ""website"": ""http://www.prov.net""}"
3347,no_ixp,"{""city"": ""Chelmsford"", ""country"": ""US"", ""id"": 3347, ""ix_count"": 0, ""latitude"": 42.597085, ""longitude"": -71.331383, ""name"": ""Prov.net CHF1 (Boston North)"", ""net_count"": 2, ""state"": ""MA"", ""status"": ""ok"", ""updated"": ""2025-09-26T22:48:05Z"", ""website"": ""http://www.prov.net""}"
3360,no_ixp,"{""city"": ""East Windsor"", ""country"": ""US"", ""id"": 3360, ""ix_count"": 0, ""latitude"": 40.279249, ""longitude"": -74.547551, ""name"": ""QTS Princeton (PJC1)"", ""net_count"": 1, ""state"": ""NJ"", ""status"": ""ok"", ""updated"": ""2025-09-26T22:48:07Z"", ""website"": ""http://www.qtsdatacenters.com""}"
3364,no_ixp,"{""city"": ""Overland Park"", ""country"": ""US"", ""id"": 3364, ""ix_count"": 0, ""latitude"": 38.89627, ""longitude"": -94.673374, ""name"": ""QTS Overland Park (OVP1)"", ""net_count"": 1, ""state"": ""KS"", ""status"": ""ok"", ""updated"": ""2025-09-26T22:48:08Z"", ""website"": ""http://www.qtsdatacenters.com""}"
3378,no_ixp,"{""city"": ""Minnetonka"", ""country"": ""US"", ""id"": 3378, ""ix_count"": 0, ""latitude"": 44.972011, ""longitude"": -93.436607, ""name"": ""US Internet - Minnetonka"", ""net_count"": 7, ""state"": ""MN"", ""status"": ""ok"", ""updated"": ""2025-09-26T22:48:08Z"", ""website"": ""http://www.usinternet.com""}"
3394,no_ixp,"{""city"": ""Parma"", ""country"": ""US"", ""id"": 3394, ""ix_count"": 0, ""latitude"": 41.407902, ""longitude"": -81.780019, ""name"": ""Bluebird Fiber Parma Data Center"", ""net_count"": 1, ""state"": ""OH"", ""status"": ""ok"", ""updated"": ""2026-07-30T14:48:44Z"", ""website"": ""https://bluebirdfiber.com/""}"
3421,no_ixp,"{""city"": ""Los Angeles"", ""country"": ""US"", ""id"": 3421, ""ix_count"": 0, ""latitude"": 34.047948, ""longitude"": -118.255358, ""name"": ""LADC1 - 624 S Grand Ave"", ""net_count"": 0, ""state"": ""CA"", ""status"": ""ok"", ""updated"": ""2025-09-26T22:48:13Z"", ""website"": ""https://www.colocationamerica.com""}"
3422,no_ixp,"{""city"": ""Los Angeles"", ""country"": ""US"", ""id"": 3422, ""ix_count"": 0, ""latitude"": 34.049219, ""longitude"": -118.257002, ""name"": ""LADC2 - 707 Wilshire Blvd"", ""net_count"": 0, ""state"": ""CA"", ""status"": ""ok"", ""updated"": ""2025-09-26T22:48:14Z"", ""website"": ""https://www.colocationamerica.com""}"
3423,no_ixp,"{""city"": ""Los Angeles"", ""country"": ""US"", ""id"": 3423, ""ix_count"": 0, ""latitude"": 34.047415, ""longitude"": -118.257382, ""name"": ""LADC3 - 600 W 7th St"", ""net_count"": 0, ""state"": ""CA"", ""status"": ""ok"", ""updated"": ""2025-09-26T22:48:14Z"", ""website"": ""https://www.colocationamerica.com""}"
3424,no_ixp,"{""city"": ""Los Angeles"", ""country"": ""US"", ""id"": 3424, ""ix_count"": 0, ""latitude"": 34.048428, ""longitude"": -118.255186, ""name"": ""LADC4 - 530 W 6th St"", ""net_count"": 1, ""state"": ""CA"", ""status"": ""ok"", ""updated"": ""2025-09-26T22:48:14Z"", ""website"": ""https://www.colocationamerica.com""}"
3425,no_ixp,"{""city"": ""Los Angeles"", ""country"": ""US"", ""id"": 3425, ""ix_count"": 0, ""latitude"": 34.047423, ""longitude"": -118.25618, ""name"": ""LADC5 - 650 S Grand Ave"", ""net_count"": 0, ""state"": ""CA"", ""status"": ""ok"", ""updated"": ""2025-09-26T22:48:14Z"", ""website"": ""https://www.colocationamerica.com""}"
3426,no_ixp,"{""city"": ""San Francisco"", ""country"": ""US"", ""id"": 3426, ""ix_count"": 0, ""latitude"": 37.723698, ""longitude"": -122.398056, ""name"": ""SFDC1 - 200 Paul Ave"", ""net_count"": 1, ""state"": ""CA"", ""status"": ""ok"", ""updated"": ""2025-09-26T22:48:15Z"", ""website"": ""https://www.colocationamerica.com""}"
3427,no_ixp,"{""city"": ""New York"", ""country"": ""US"", ""id"": 3427, ""ix_count"": 0, ""latitude"": 40.717729, ""longitude"": -74.008306, ""name"": ""NYDC1 - 60 Hudson Street"", ""net_count"": 1, ""state"": ""NY"", ""status"": ""ok"", ""updated"": ""2025-09-26T22:48:15Z"", ""website"": ""https://www.colocationamerica.com""}"
3428,no_ixp,"{""city"": ""New York"", ""country"": ""US"", ""id"": 3428, ""ix_count"": 0, ""latitude"": 40.741469, ""longitude"": -74.003387, ""name"": ""NYDC2 - 111 8th ave"", ""net_count"": 0, ""state"": ""NY"", ""status"": ""ok"", ""updated"": ""2025-09-26T22:48:15Z"", ""website"": ""https://www.colocationamerica.com""}"
3429,no_ixp,"{""city"": ""Hawthorne"", ""country"": ""US"", ""id"": 3429, ""ix_count"": 0, ""latitude"": 41.088241, ""longitude"": -73.815348, ""name"": ""NYDC3 - 11 skyline dr"", ""net_count"": 0, ""state"": ""NY"", ""status"": ""ok"", ""updated"": ""2025-09-26T22:48:15Z"", ""website"": ""https://www.colocationamerica.com""}"
3430,no_ixp,"{""city"": ""Clifton"", ""country"": ""US"", ""id"": 3430, ""ix_count"": 0, ""latitude"": 40.829947, ""longitude"": -74.126657, ""name"": ""NJDC1 - 100 Delawanna ave"", ""net_count"": 0, ""state"": ""NJ"", ""status"": ""ok"", ""updated"": ""2025-09-26T22:48:16Z"", ""website"": ""https://www.colocationamerica.com""}"
3431,no_ixp,"{""city"": ""Secaucus"", ""country"": ""US"", ""id"": 3431, ""ix_count"": 0, ""latitude"": 40.777818, ""longitude"": -74.075909, ""name"": ""NJDC2 - 300 J F Kennedy Blvd"", ""net_count"": 0, ""state"": ""NJ"", ""status"": ""ok"", ""updated"": ""2025-09-26T22:48:16Z"", ""website"": ""https://www.colocationamerica.com""}"
3432,no_ixp,"{""city"": ""Marlborough"", ""country"": ""US"", ""id"": 3432, ""ix_count"": 0, ""latitude"": 42.312902, ""longitude"": -71.579257, ""name"": ""BDC1 - 34 Saint Martin Dr"", ""net_count"": 0, ""state"": ""MA"", ""status"": ""ok"", ""updated"": ""2025-09-26T22:48:16Z"", ""website"": ""https://www.colocationamerica.com""}"
3433,no_ixp,"{""city"": ""Breinigsville"", ""country"": ""US"", ""id"": 3433, ""ix_count"": 0, ""latitude"": 40.544235, ""longitude"": -75.655718, ""name"": ""PDC1 - 9999 Hamilton blvd"", ""net_count"": 0, ""state"": ""PA"", ""status"": ""ok"", ""updated"": ""2025-09-26T22:48:16Z"", ""website"": ""https://www.colocationamerica.com""}"
3434,no_ixp,"{""city"": ""Audubon"", ""country"": ""US"", ""id"": 3434, ""ix_count"": 0, ""latitude"": 40.121801, ""longitude"": -75.421011, ""name"": ""PDC2 - 1000 Adams ave"", ""net_count"": 0, ""state"": ""PA"", ""status"": ""ok"", ""updated"": ""2025-09-26T22:48:17Z"", ""website"": ""https://www.colocationamerica.com""}"
3435,no_ixp,"{""city"": ""Bethlehem"", ""country"": ""US"", ""id"": 3435, ""ix_count"": 0, ""latitude"": 40.675013, ""longitude"": -75.378107, ""name"": ""PDC3 - 3949 Schelden Cir"", ""net_count"": 0, ""state"": ""PA"", ""status"": ""ok"", ""updated"": ""2025-09-26T22:48:17Z"", ""website"": ""https://www.colocationamerica.com""}"
3436,no_ixp,"{""city"": ""Chicago"", ""country"": ""US"", ""id"": 3436, ""ix_count"": 0, ""latitude"": 41.853701, ""longitude"": -87.618252, ""name"": ""CDC1 - 350 E Cermak Rd"", ""net_count"": 2, ""state"": ""IL"", ""status"": ""ok"", ""updated"": ""2025-09-26T22:48:17Z"", ""website"": ""https://www.colocationamerica.com""}"
3437,no_ixp,"{""city"": ""Chicago"", ""country"": ""US"", ""id"": 3437, ""ix_count"": 0, ""latitude"": 41.874224, ""longitude"": -87.629937, ""name"": ""CDC2 - 600 S Federal st"", ""net_count"": 1, ""state"": ""IL"", ""status"": ""ok"", ""updated"": ""2025-09-26T22:48:17Z"", ""website"": ""https://www.colocationamerica.com""}"
3438,no_ixp,"{""city"": ""Mount Prospect"", ""country"": ""US"", ""id"": 3438, ""ix_count"": 0, ""latitude"": 42.078055, ""longitude"": -87.923547, ""name"": ""CDC3 - 800 E Business Center Dr"", ""net_count"": 0, ""state"": ""IL"", ""status"": ""ok"", ""updated"": ""2025-09-26T22:48:18Z"", ""website"": ""https://www.colocationamerica.com""}"
3439,no_ixp,"{""city"": ""Oak Brook"", ""country"": ""US"", ""id"": 3439, ""ix_count"": 0, ""latitude"": 41.854051, ""longitude"": -87.920916, ""name"": ""CDC4 - 1808 Swift Dr"", ""net_count"": 2, ""state"": ""IL"", ""status"": ""ok"", ""updated"": ""2025-09-26T22:48:18Z"", ""website"": ""https://www.colocationamerica.com""}"
3440,no_ixp,"{""city"": ""Elk Grove Village"", ""country"": ""US"", ""id"": 3440, ""ix_count"": 0, ""latitude"": 41.994269, ""longitude"": -87.962053, ""name"": ""CDC5 - 2200 Busse Rd"", ""net_count"": 0, ""state"": ""IL"", ""status"": ""ok"", ""updated"": ""2025-09-26T22:48:18Z"", ""website"": ""https://www.colocationamerica.com""}"
3442,no_ixp,"{""city"": ""Waterbury"", ""country"": ""US"", ""id"": 3442, ""ix_count"": 0, ""latitude"": 41.554434, ""longitude"": -73.041219, ""name"": ""HDC1 - 108 Bank St"", ""net_count"": 0, ""state"": ""CT"", ""status"": ""ok"", ""updated"": ""2025-09-26T22:48:19Z"", ""website"": ""https://www.colocationamerica.com""}"
3457,no_ixp,"{""city"": ""Bedford"", ""country"": ""US"", ""id"": 3457, ""ix_count"": 0, ""latitude"": 42.928233, ""longitude"": -71.463933, ""name"": ""ColoSpace - Bedford, NH"", ""net_count"": 2, ""state"": ""NH"", ""status"": ""ok"", ""updated"": ""2025-12-23T16:05:28Z"", ""website"": ""http://www.firstlight.net""}"
3458,no_ixp,"{""city"": ""Waltham"", ""country"": ""US"", ""id"": 3458, ""ix_count"": 0, ""latitude"": 42.399882, ""longitude"": -71.253131, ""name"": ""ColoSpace - Waltham, MA"", ""net_count"": 1, ""state"": ""MA"", ""status"": ""ok"", ""updated"": ""2025-12-23T16:09:03Z"", ""website"": ""http://www.firstlight.net""}"
3459,no_ixp,"{""city"": ""Rockland"", ""country"": ""US"", ""id"": 3459, ""ix_count"": 0, ""latitude"": 42.166264, ""longitude"": -70.898347, ""name"": ""ColoSpace - Rockland, MA"", ""net_count"": 1, ""state"": ""MA"", ""status"": ""ok"", ""updated"": ""2025-12-23T16:06:42Z"", ""website"": ""http://www.firstlight.net""}"
3460,no_ixp,"{""city"": ""Somerville"", ""country"": ""US"", ""id"": 3460, ""ix_count"": 0, ""latitude"": 42.376703, ""longitude"": -71.079763, ""name"": ""ColoSpace - Somerville, MA"", ""net_count"": 1, ""state"": ""MA"", ""status"": ""ok"", ""updated"": ""2025-12-23T16:07:39Z"", ""website"": ""http://www.firstlight.net""}"
3469,no_ixp,"{""city"": ""Houghton"", ""country"": ""US"", ""id"": 3469, ""ix_count"": 0, ""latitude"": 47.119532, ""longitude"": -88.551329, ""name"": ""MI Tech - Main Campus"", ""net_count"": 2, ""state"": ""MI"", ""status"": ""ok"", ""updated"": ""2025-09-26T22:48:21Z"", ""website"": ""http://www.mtu.edu/""}"
3482,no_ixp,"{""city"": ""Philadelphia"", ""country"": ""US"", ""id"": 3482, ""ix_count"": 0, ""latitude"": 39.959668, ""longitude"": -75.161377, ""name"": ""Crown Castle Philadelphia (401 N Broad)"", ""net_count"": 11, ""state"": ""PA"", ""status"": ""ok"", ""updated"": ""2025-09-26T22:48:22Z"", ""website"": ""https://www.crowncastle.com/""}"
3483,no_ixp,"{""city"": ""Hartford"", ""country"": ""US"", ""id"": 3483, ""ix_count"": 0, ""latitude"": 41.768371, ""longitude"": -72.672133, ""name"": ""Crown Castle Hartford (960 Main)"", ""net_count"": 0, ""state"": ""CT"", ""status"": ""ok"", ""updated"": ""2025-09-26T22:48:22Z"", ""website"": ""https://www.crowncastle.com/""}"
3484,no_ixp,"{""city"": ""Boston"", ""country"": ""US"", ""id"": 3484, ""ix_count"": 0, ""latitude"": 42.354692, ""longitude"": -71.060266, ""name"": ""Crown Castle Boston (1 Summer)"", ""net_count"": 4, ""state"": ""MA"", ""status"": ""ok"", ""updated"": ""2025-09-26T22:48:22Z"", ""website"": ""https://www.crowncastle.com/""}"
3485,no_ixp,"{""city"": ""Springfield"", ""country"": ""US"", ""id"": 3485, ""ix_count"": 0, ""latitude"": 42.109052, ""longitude"": -72.576013, ""name"": ""Crown Castle Springfield (1 Federal)"", ""net_count"": 3, ""state"": ""MA"", ""status"": ""ok"", ""updated"": ""2025-09-26T22:48:22Z"", ""website"": ""https://www.crowncastle.com/""}"
3486,no_ixp,"{""city"": ""Newark"", ""country"": ""US"", ""id"": 3486, ""ix_count"": 0, ""latitude"": 40.736844, ""longitude"": -74.173402, ""name"": ""Crown Castle Newark (165 Halsey)"", ""net_count"": 3, ""state"": ""NJ"", ""status"": ""ok"", ""updated"": ""2025-09-26T22:48:23Z"", ""website"": ""https://www.crowncastle.com/""}"
3487,no_ixp,"{""city"": ""Providence"", ""country"": ""US"", ""id"": 3487, ""ix_count"": 0, ""latitude"": 41.828542, ""longitude"": -71.41934, ""name"": ""Crown Castle Providence (235 Promenade)"", ""net_count"": 3, ""state"": ""RI"", ""status"": ""ok"", ""updated"": ""2025-09-26T22:48:23Z"", ""website"": ""https://www.crowncastle.com/""}"
3488,no_ixp,"{""city"": ""Chicago"", ""country"": ""US"", ""id"": 3488, ""ix_count"": 0, ""latitude"": 41.872619, ""longitude"": -87.633278, ""name"": ""Crown Castle Chicago (725 S Wells)"", ""net_count"": 0, ""state"": ""IL"", ""status"": ""ok"", ""updated"": ""2025-09-26T22:48:23Z"", ""website"": ""https://www.crowncastle.com/""}"
3489,no_ixp,"{""city"": ""Marlborough"", ""country"": ""US"", ""id"": 3489, ""ix_count"": 0, ""latitude"": 42.313247, ""longitude"": -71.578316, ""name"": ""Crown Castle Marlboro (34 St Martin)"", ""net_count"": 2, ""state"": ""MA"", ""status"": ""ok"", ""updated"": ""2025-09-26T22:48:23Z"", ""website"": ""https://www.crowncastle.com/""}"
3490,no_ixp,"{""city"": ""Worcester"", ""country"": ""US"", ""id"": 3490, ""ix_count"": 0, ""latitude"": 42.262556, ""longitude"": -71.802963, ""name"": ""Crown Castle Worcester (474 Main)"", ""net_count"": 6, ""state"": ""MA"", ""status"": ""ok"", ""updated"": ""2025-09-26T22:48:23Z"", ""website"": ""https://www.crowncastle.com/""}"
3492,no_ixp,"{""city"": ""Providence"", ""country"": ""US"", ""id"": 3492, ""ix_count"": 0, ""latitude"": 41.817911, ""longitude"": -71.42888, ""name"": ""Crown Castle Providence (300 Carpenter)"", ""net_count"": 0, ""state"": ""RI"", ""status"": ""ok"", ""updated"": ""2025-09-26T22:48:24Z"", ""website"": ""https://www.crowncastle.com/""}"
3493,no_ixp,"{""city"": ""Columbus"", ""country"": ""US"", ""id"": 3493, ""ix_count"": 0, ""latitude"": 39.958911, ""longitude"": -82.996895, ""name"": ""Crown Castle Columbus (101 E Town)"", ""net_count"": 0, ""state"": ""OH"", ""status"": ""ok"", ""updated"": ""2025-09-26T22:48:24Z"", ""website"": ""https://www.crowncastle.com/""}"
3498,no_ixp,"{""city"": ""Troy"", ""country"": ""US"", ""id"": 3498, ""ix_count"": 0, ""latitude"": 42.537158, ""longitude"": -83.099861, ""name"": ""ManagedWay TYM1"", ""net_count"": 7, ""state"": ""MI"", ""status"": ""ok"", ""updated"": ""2025-09-26T22:48:25Z"", ""website"": ""http://ManagedWay.com""}"
3499,no_ixp,"{""city"": ""Troy"", ""country"": ""US"", ""id"": 3499, ""ix_count"": 0, ""latitude"": 42.540615, ""longitude"": -83.098459, ""name"": ""ManagedWay TYM2"", ""net_count"": 4, ""state"": ""MI"", ""status"": ""ok"", ""updated"": ""2025-09-26T22:48:25Z"", ""website"": ""http://ManagedWay.com""}"
3500,no_ixp,"{""city"": ""Byron Center"", ""country"": ""US"", ""id"": 3500, ""ix_count"": 0, ""latitude"": 42.825353, ""longitude"": -85.672818, ""name"": ""ManagedWay BYK1"", ""net_count"": 2, ""state"": ""MI"", ""status"": ""ok"", ""updated"": ""2025-09-26T22:48:25Z"", ""website"": ""http://ManagedWay.com""}"
3501,no_ixp,"{""city"": ""Southfield"", ""country"": ""US"", ""id"": 3501, ""ix_count"": 0, ""latitude"": 42.471634, ""longitude"": -83.238056, ""name"": ""ManagedWay SFJ1"", ""net_count"": 2, ""state"": ""MI"", ""status"": ""ok"", ""updated"": ""2025-09-26T22:48:26Z"", ""website"": ""http://ManagedWay.com""}"
3502,no_ixp,"{""city"": ""Southfield"", ""country"": ""US"", ""id"": 3502, ""ix_count"": 0, ""latitude"": 42.467029, ""longitude"": -83.234962, ""name"": ""ManagedWay SFJ2"", ""net_count"": 2, ""state"": ""MI"", ""status"": ""ok"", ""updated"": ""2025-09-26T22:48:26Z"", ""website"": ""http://ManagedWay.com""}"
3524,no_ixp,"{""city"": ""Lansing"", ""country"": ""US"", ""id"": 3524, ""ix_count"": 0, ""latitude"": 42.705368, ""longitude"": -84.666064, ""name"": ""Liquid Web DC3"", ""net_count"": 1, ""state"": ""MI"", ""status"": ""ok"", ""updated"": ""2025-09-26T22:48:28Z"", ""website"": ""http://www.metronetinc.com""}"
3581,no_ixp,"{""city"": ""Miami"", ""country"": ""US"", ""id"": 3581, ""ix_count"": 0, ""latitude"": 25.775583, ""longitude"": -80.188189, ""name"": ""NWT Data Center"", ""net_count"": 1, ""state"": ""FL"", ""status"": ""ok"", ""updated"": ""2025-09-26T22:48:31Z"", ""website"": """"}"
3664,no_ixp,"{""available_voltage_services"": [""480 VAC""], ""city"": ""Breinigsville"", ""country"": ""US"", ""id"": 3664, ""ix_count"": 0, ""latitude"": 40.544235, ""longitude"": -75.655718, ""name"": ""TierPoint Allentown-TekPark"", ""net_count"": 5, ""state"": ""PA"", ""status"": ""ok"", ""updated"": ""2025-09-26T22:48:36Z"", ""website"": ""http://www.tierpoint.com""}"
3666,no_ixp,"{""city"": ""Norristown"", ""country"": ""US"", ""id"": 3666, ""ix_count"": 0, ""latitude"": 40.121849, ""longitude"": -75.420907, ""name"": ""TierPoint Valley Forge"", ""net_count"": 6, ""state"": ""PA"", ""status"": ""ok"", ""updated"": ""2025-09-26T22:48:37Z"", ""website"": ""http://www.tierpoint.com""}"
3668,no_ixp,"{""city"": ""Asheville"", ""country"": ""US"", ""id"": 3668, ""ix_count"": 0, ""latitude"": 35.488154, ""longitude"": -82.558062, ""name"": ""DartPoints Asheville, NC - AVL1"", ""net_count"": 5, ""state"": ""NC"", ""status"": ""ok"", ""updated"": ""2025-09-26T22:48:37Z"", ""website"": ""https://dartpoints.com/""}"
3670,no_ixp,"{""city"": ""Columbia"", ""country"": ""US"", ""id"": 3670, ""ix_count"": 0, ""latitude"": 33.987661, ""longitude"": -81.030715, ""name"": ""DartPoints Columbia, SC - CAE1"", ""net_count"": 2, ""state"": ""SC"", ""status"": ""ok"", ""updated"": ""2025-09-26T22:48:38Z"", ""website"": ""https://dartpoints.com/""}"
3671,no_ixp,"{""city"": ""Ladson"", ""country"": ""US"", ""id"": 3671, ""ix_count"": 0, ""latitude"": 32.964888, ""longitude"": -80.101283, ""name"": ""DartPoints Charleston, SC - CHS1"", ""net_count"": 3, ""state"": ""SC"", ""status"": ""ok"", ""updated"": ""2025-09-26T22:48:38Z"", ""website"": ""https://dartpoints.com/""}"
3672,no_ixp,"{""city"": ""Richmond"", ""country"": ""US"", ""id"": 3672, ""ix_count"": 0, ""latitude"": 37.646784, ""longitude"": -77.438443, ""name"": ""Hosted Backbone Richmond1"", ""net_count"": 0, ""state"": ""VA"", ""status"": ""ok"", ""updated"": ""2025-09-26T22:48:38Z"", ""website"": ""Http://www.hostedbackbone.net/""}"
3716,no_ixp,"{""city"": ""Plano"", ""country"": ""US"", ""id"": 3716, ""ix_count"": 0, ""latitude"": 33.064858, ""longitude"": -96.810993, ""name"": ""T5@Dallas"", ""net_count"": 2, ""state"": ""TX"", ""status"": ""ok"", ""updated"": ""2025-09-26T22:48:40Z"", ""website"": """"}"
3770,invalid_coordinates,"{""city"": ""Ashburn"", ""country"": ""US"", ""id"": 3770, ""ix_count"": 0, ""latitude"": null, ""longitude"": null, ""name"": ""Anexio ACC4"", ""net_count"": 0, ""state"": ""VA"", ""status"": ""ok"", ""updated"": ""2025-09-26T22:48:42Z"", ""website"": ""http://www.anexio.com""}"
3771,no_ixp,"{""city"": ""Piscataway"", ""country"": ""US"", ""id"": 3771, ""ix_count"": 0, ""latitude"": 40.557342, ""longitude"": -74.484434, ""name"": ""Anexio NJ1"", ""net_count"": 0, ""state"": ""NJ"", ""status"": ""ok"", ""updated"": ""2025-09-26T22:48:42Z"", ""website"": ""http://www.anexio.com""}"
3772,no_ixp,"{""city"": ""Ashburn"", ""country"": ""US"", ""id"": 3772, ""ix_count"": 0, ""latitude"": 39.020131, ""longitude"": -77.463206, ""name"": ""Anexio ACC5"", ""net_count"": 0, ""state"": ""VA"", ""status"": ""ok"", ""updated"": ""2025-09-26T22:48:42Z"", ""website"": ""http://www.anexio.com""}"
3777,no_ixp,"{""city"": ""Anaheim"", ""country"": ""US"", ""id"": 3777, ""ix_count"": 0, ""latitude"": 33.848958, ""longitude"": -117.971033, ""name"": ""Aecero - Orange County (SNA1)"", ""net_count"": 1, ""state"": ""CA"", ""status"": ""ok"", ""updated"": ""2025-09-26T22:48:43Z"", ""website"": ""https://www.aecero.com""}"
3825,no_ixp,"{""city"": ""Los Angeles"", ""country"": ""US"", ""id"": 3825, ""ix_count"": 0, ""latitude"": 33.945894, ""longitude"": -118.393553, ""name"": ""QuadraNet LAX"", ""net_count"": 6, ""state"": ""CA"", ""status"": ""ok"", ""updated"": ""2025-09-26T22:48:47Z"", ""website"": ""https://www.quadranet.com""}"
3853,no_ixp,"{""city"": ""Atlanta"", ""country"": ""US"", ""id"": 3853, ""ix_count"": 0, ""latitude"": 33.733895, ""longitude"": -84.425712, ""name"": ""DataBank Atlanta (ATL2)"", ""net_count"": 5, ""state"": ""GA"", ""status"": ""ok"", ""updated"": ""2025-09-26T22:48:49Z"", ""website"": ""http://www.databank.com""}"
3861,no_ixp,"{""city"": ""Portland"", ""country"": ""US"", ""id"": 3861, ""ix_count"": 0, ""latitude"": 45.52306, ""longitude"": -122.683661, ""name"": ""Opus Interactive Portland (PDX01)"", ""net_count"": 0, ""state"": ""OR"", ""status"": ""ok"", ""updated"": ""2025-09-26T22:48:49Z"", ""website"": """"}"
3863,no_ixp,"{""city"": ""Dallas"", ""country"": ""US"", ""id"": 3863, ""ix_count"": 0, ""latitude"": 32.778287, ""longitude"": -96.7984, ""name"": ""Opus Interactive Dallas (DTX01)"", ""net_count"": 0, ""state"": ""TX"", ""status"": ""ok"", ""updated"": ""2025-09-26T22:48:50Z"", ""website"": """"}"
3864,no_ixp,"{""city"": ""San Jose"", ""country"": ""US"", ""id"": 3864, ""ix_count"": 0, ""latitude"": 37.402211, ""longitude"": -121.892822, ""name"": ""Opus Interactive Silicon Valley (SJC01)"", ""net_count"": 0, ""state"": ""CA"", ""status"": ""ok"", ""updated"": ""2025-09-26T22:48:50Z"", ""website"": """"}"
3907,invalid_coordinates,"{""city"": ""Reston"", ""country"": ""US"", ""id"": 3907, ""ix_count"": 0, ""latitude"": null, ""longitude"": null, ""name"": ""Anexio VA3"", ""net_count"": 0, ""state"": ""VA"", ""status"": ""ok"", ""updated"": ""2025-09-26T22:48:54Z"", ""website"": ""http://www.anexio.com""}"
3908,invalid_coordinates,"{""city"": ""Ashburn"", ""country"": ""US"", ""id"": 3908, ""ix_count"": 0, ""latitude"": null, ""longitude"": null, ""name"": ""Anexio DC2"", ""net_count"": 2, ""state"": ""VA"", ""status"": ""ok"", ""updated"": ""2025-09-26T22:48:54Z"", ""website"": ""http://www.anexio.com""}"
3919,no_ixp,"{""city"": ""Secaucus"", ""country"": ""US"", ""id"": 3919, ""ix_count"": 0, ""latitude"": 40.784817, ""longitude"": -74.076264, ""name"": ""H5 Data Centers Secaucus (NJ01)"", ""net_count"": 7, ""state"": ""NJ"", ""status"": ""ok"", ""updated"": ""2025-09-26T22:48:55Z"", ""website"": ""http://h5datacenters.com/""}"
3925,no_ixp,"{""city"": ""Nashville"", ""country"": ""US"", ""id"": 3925, ""ix_count"": 0, ""latitude"": 36.162621, ""longitude"": -86.776316, ""name"": ""H5 Data Centers Nashville (TN01)"", ""net_count"": 2, ""state"": ""TN"", ""status"": ""ok"", ""updated"": ""2026-07-01T22:19:01Z"", ""website"": ""http://h5datacenters.com/""}"
3926,no_ixp,"{""city"": ""New York"", ""country"": ""US"", ""id"": 3926, ""ix_count"": 0, ""latitude"": 40.704687, ""longitude"": -74.01123, ""name"": ""75 Broad Street"", ""net_count"": 5, ""state"": ""NY"", ""status"": ""ok"", ""updated"": ""2025-09-26T22:48:56Z"", ""website"": ""https://www.jembrealty.com/about/""}"
3927,no_ixp,"{""city"": ""St. Paul"", ""country"": ""US"", ""id"": 3927, ""ix_count"": 0, ""latitude"": 44.972309, ""longitude"": -93.147411, ""name"": ""H5 Data Centers Minneapolis"", ""net_count"": 3, ""state"": ""MN"", ""status"": ""ok"", ""updated"": ""2025-09-26T22:48:57Z"", ""website"": ""http://h5datacenters.com/""}"
3929,no_ixp,"{""city"": ""Durham"", ""country"": ""US"", ""id"": 3929, ""ix_count"": 0, ""latitude"": 35.895769, ""longitude"": -78.849214, ""name"": ""vXchnge Raleigh-Durham (NC01)"", ""net_count"": 2, ""state"": ""NC"", ""status"": ""ok"", ""updated"": ""2025-09-26T22:48:57Z"", ""website"": ""http://www.vxchnge.com""}"
3930,no_ixp,"{""city"": ""Chappaqua"", ""country"": ""US"", ""id"": 3930, ""ix_count"": 0, ""latitude"": 41.180558, ""longitude"": -73.755109, ""name"": ""Evocative New York (JFK2)"", ""net_count"": 1, ""state"": ""NY"", ""status"": ""ok"", ""updated"": ""2025-09-26T22:48:57Z"", ""website"": ""http://www.vpls.com""}"
3931,no_ixp,"{""city"": ""Pittsburgh"", ""country"": ""US"", ""id"": 3931, ""ix_count"": 0, ""latitude"": 40.452053, ""longitude"": -79.980564, ""name"": ""H5 Data Centers Pittsburgh (PA02)"", ""net_count"": 4, ""state"": ""PA"", ""status"": ""ok"", ""updated"": ""2025-09-26T22:48:58Z"", ""website"": ""http://h5datacenters.com/""}"
3951,no_ixp,"{""city"": ""Atlanta"", ""country"": ""US"", ""id"": 3951, ""ix_count"": 0, ""latitude"": 33.727965, ""longitude"": -84.417833, ""name"": ""Verizon Atlanta"", ""net_count"": 1, ""state"": ""GA"", ""status"": ""ok"", ""updated"": ""2025-09-26T22:48:59Z"", ""website"": """"}"
4047,no_ixp,"{""city"": ""Albuquerque"", ""country"": ""US"", ""id"": 4047, ""ix_count"": 0, ""latitude"": 35.086183, ""longitude"": -106.651864, ""name"": ""Centersquare Albuquerque (ABQ1)"", ""net_count"": 3, ""state"": ""NM"", ""status"": ""ok"", ""updated"": ""2025-09-26T22:49:07Z"", ""website"": ""https://www.centersquaredc.com/""}"
4049,no_ixp,"{""city"": ""Waltham"", ""country"": ""US"", ""id"": 4049, ""ix_count"": 0, ""latitude"": 42.396785, ""longitude"": -71.267452, ""name"": ""Centersquare Boston (BOS1-A)"", ""net_count"": 5, ""state"": ""MA"", ""status"": ""ok"", ""updated"": ""2025-09-26T22:49:08Z"", ""website"": ""https://www.centersquaredc.com/""}"
4069,no_ixp,"{""city"": ""Beltsville"", ""country"": ""US"", ""id"": 4069, ""ix_count"": 0, ""latitude"": 39.052767, ""longitude"": -76.925864, ""name"": ""AINET - Beltsville"", ""net_count"": 5, ""state"": ""MD"", ""status"": ""ok"", ""updated"": ""2025-09-26T22:49:09Z"", ""website"": """"}"
4104,no_ixp,"{""city"": ""Manchester"", ""country"": ""US"", ""id"": 4104, ""ix_count"": 0, ""latitude"": 42.989023, ""longitude"": -71.46365, ""name"": ""Consolidated - 770 Elm St."", ""net_count"": 0, ""state"": ""NH"", ""status"": ""ok"", ""updated"": ""2025-09-26T22:49:16Z"", ""website"": ""https://www.consolidated.com""}"
4105,no_ixp,"{""city"": ""Burlington"", ""country"": ""US"", ""id"": 4105, ""ix_count"": 0, ""latitude"": 44.476496, ""longitude"": -73.208582, ""name"": ""Consolidated - 266 Main St."", ""net_count"": 1, ""state"": ""VT"", ""status"": ""ok"", ""updated"": ""2025-09-26T22:49:16Z"", ""website"": ""https://www.consolidated.com""}"
4106,no_ixp,"{""city"": ""Portland"", ""country"": ""US"", ""id"": 4106, ""ix_count"": 0, ""latitude"": 43.656009, ""longitude"": -70.263803, ""name"": ""Consolidated - 45 Forest Ave."", ""net_count"": 1, ""state"": ""ME"", ""status"": ""ok"", ""updated"": ""2025-09-26T22:49:16Z"", ""website"": ""https://www.consolidated.com""}"
4165,no_ixp,"{""city"": ""McCarran"", ""country"": ""US"", ""id"": 4165, ""ix_count"": 0, ""latitude"": 39.515706, ""longitude"": -119.471281, ""name"": ""Switch Tahoe Reno"", ""net_count"": 7, ""state"": ""NV"", ""status"": ""ok"", ""updated"": ""2025-09-26T22:49:22Z"", ""website"": """"}"
4279,no_ixp,"{""city"": ""Coon Rapids"", ""country"": ""US"", ""id"": 4279, ""ix_count"": 0, ""latitude"": 45.124986, ""longitude"": -93.2728, ""name"": ""Verus Corportation"", ""net_count"": 0, ""state"": ""MN"", ""status"": ""ok"", ""updated"": ""2025-09-26T22:49:29Z"", ""website"": ""http://www.veruscorp.com""}"
4287,no_ixp,"{""city"": ""Edina"", ""country"": ""US"", ""id"": 4287, ""ix_count"": 0, ""latitude"": 44.862766, ""longitude"": -93.330405, ""name"": ""DataBank Minneapolis (MSP1)"", ""net_count"": 5, ""state"": ""MN"", ""status"": ""ok"", ""updated"": ""2025-09-26T22:49:30Z"", ""website"": ""http://www.databank.com""}"
4288,no_ixp,"{""city"": ""Eagan"", ""country"": ""US"", ""id"": 4288, ""ix_count"": 0, ""latitude"": 44.838484, ""longitude"": -93.145777, ""name"": ""DataBank Minneapolis (MSP2)"", ""net_count"": 11, ""state"": ""MN"", ""status"": ""ok"", ""updated"": ""2025-09-26T22:49:30Z"", ""website"": ""http://www.databank.com""}"
4290,no_ixp,"{""city"": ""Overland Park"", ""country"": ""US"", ""id"": 4290, ""ix_count"": 0, ""latitude"": 38.975187, ""longitude"": -94.708903, ""name"": ""DataBank Kansas City (MCI2)"", ""net_count"": 3, ""state"": ""KS"", ""status"": ""ok"", ""updated"": ""2025-09-26T22:49:30Z"", ""website"": ""http://www.databank.com""}"
4291,no_ixp,"{""city"": ""Cleveland"", ""country"": ""US"", ""id"": 4291, ""ix_count"": 0, ""latitude"": 41.501022, ""longitude"": -81.684102, ""name"": ""DataBank Cleveland (CLE1)"", ""net_count"": 3, ""state"": ""OH"", ""status"": ""ok"", ""updated"": ""2025-09-26T22:49:30Z"", ""website"": ""http://www.databank.com""}"
4334,no_ixp,"{""city"": ""Delta Junction"", ""country"": ""US"", ""id"": 4334, ""ix_count"": 0, ""latitude"": 64.034628, ""longitude"": -145.731673, ""name"": ""1706 Richardson"", ""net_count"": 0, ""state"": ""AK"", ""status"": ""ok"", ""updated"": ""2025-09-26T22:49:33Z"", ""website"": ""http://heritagenet.works""}"
4347,no_ixp,"{""city"": ""McAllen"", ""country"": ""US"", ""id"": 4347, ""ix_count"": 0, ""latitude"": 26.203611, ""longitude"": -98.225848, ""name"": ""Smartcom Telephone (MCAL2)"", ""net_count"": 0, ""state"": ""TX"", ""status"": ""ok"", ""updated"": ""2025-09-26T22:49:34Z"", ""website"": ""http://smartcomtelephone.com""}"
4348,no_ixp,"{""available_voltage_services"": [""48 VDC""], ""city"": ""McAllen"", ""country"": ""US"", ""id"": 4348, ""ix_count"": 0, ""latitude"": 26.203638, ""longitude"": -98.225835, ""name"": ""Smartcom Telephone (MCAL1)"", ""net_count"": 1, ""state"": ""TX"", ""status"": ""ok"", ""updated"": ""2025-10-24T16:01:38Z"", ""website"": ""http://smartcomtelephone.com""}"
4373,no_ixp,"{""city"": ""Jacksonville"", ""country"": ""US"", ""id"": 4373, ""ix_count"": 0, ""latitude"": 30.216587, ""longitude"": -81.581459, ""name"": ""TierPoint Jacksonville"", ""net_count"": 6, ""state"": ""FL"", ""status"": ""ok"", ""updated"": ""2025-09-26T22:49:36Z"", ""website"": ""http://www.tierpoint.com""}"
4374,no_ixp,"{""city"": ""Franklin"", ""country"": ""US"", ""id"": 4374, ""ix_count"": 0, ""latitude"": 35.924575, ""longitude"": -86.85582, ""name"": ""TierPoint Nashville"", ""net_count"": 4, ""state"": ""TN"", ""status"": ""ok"", ""updated"": ""2025-09-26T22:49:36Z"", ""website"": ""http://www.tierpoint.com""}"
4505,no_ixp,"{""city"": ""Southfield"", ""country"": ""US"", ""id"": 4505, ""ix_count"": 0, ""latitude"": 42.448537, ""longitude"": -83.261226, ""name"": ""EDCDET01"", ""net_count"": 3, ""state"": ""MI"", ""status"": ""ok"", ""updated"": ""2025-09-26T22:49:46Z"", ""website"": ""http://www.telnetww.com""}"
4514,no_ixp,"{""city"": ""Santa Fe Springs"", ""country"": ""US"", ""id"": 4514, ""ix_count"": 0, ""latitude"": 33.948356, ""longitude"": -118.073256, ""name"": ""Fireline Broadband"", ""net_count"": 0, ""state"": ""CA"", ""status"": ""ok"", ""updated"": ""2025-09-26T22:49:47Z"", ""website"": """"}"
4546,no_ixp,"{""city"": ""Altoona"", ""country"": ""US"", ""id"": 4546, ""ix_count"": 0, ""latitude"": 41.667665, ""longitude"": -93.455473, ""name"": ""LightEdge Des Moines 1 (DSM1)"", ""net_count"": 6, ""state"": ""IA"", ""status"": ""ok"", ""updated"": ""2025-09-26T22:49:48Z"", ""website"": ""http://www.lightedge.com/""}"
4547,no_ixp,"{""city"": ""Altoona"", ""country"": ""US"", ""id"": 4547, ""ix_count"": 0, ""latitude"": 41.666762, ""longitude"": -93.455725, ""name"": ""LightEdge Des Moines 2 (DSM2)"", ""net_count"": 5, ""state"": ""IA"", ""status"": ""ok"", ""updated"": ""2025-09-26T22:49:48Z"", ""website"": ""http://www.lightedge.com/""}"
4549,no_ixp,"{""city"": ""Papillion"", ""country"": ""US"", ""id"": 4549, ""ix_count"": 0, ""latitude"": 41.159748, ""longitude"": -96.025585, ""name"": ""LightEdge Omaha (OMA1)"", ""net_count"": 1, ""state"": ""NE"", ""status"": ""ok"", ""updated"": ""2025-09-26T22:49:49Z"", ""website"": ""http://www.lightedge.com/""}"
4571,no_ixp,"{""city"": ""Roseville"", ""country"": ""US"", ""id"": 4571, ""ix_count"": 0, ""latitude"": 38.789905, ""longitude"": -121.313861, ""name"": ""Quest Roseville"", ""net_count"": 0, ""state"": ""CA"", ""status"": ""ok"", ""updated"": ""2025-09-26T22:49:50Z"", ""website"": """"}"
4572,no_ixp,"{""city"": ""Tempe"", ""country"": ""US"", ""id"": 4572, ""ix_count"": 0, ""latitude"": 33.394673, ""longitude"": -111.952418, ""name"": ""Omnis Network Phoenix"", ""net_count"": 4, ""state"": ""AZ"", ""status"": ""ok"", ""updated"": ""2025-09-26T22:49:50Z"", ""website"": ""http://www.quantumnames.com""}"
4581,no_ixp,"{""city"": ""Laredo"", ""country"": ""US"", ""id"": 4581, ""ix_count"": 0, ""latitude"": 27.690636, ""longitude"": -99.450354, ""name"": ""MDC Laredo"", ""net_count"": 9, ""state"": ""TX"", ""status"": ""ok"", ""updated"": ""2025-09-26T22:49:51Z"", ""website"": ""http://mdcdatacenters.com""}"
4582,no_ixp,"{""city"": ""New York"", ""country"": ""US"", ""id"": 4582, ""ix_count"": 0, ""latitude"": 40.705781, ""longitude"": -74.013972, ""name"": ""Cogent New York 1"", ""net_count"": 7, ""state"": ""NY"", ""status"": ""ok"", ""updated"": ""2025-09-26T22:49:51Z"", ""website"": ""http://www.cogentco.com""}"
4604,no_ixp,"{""city"": ""Atlanta"", ""country"": ""US"", ""id"": 4604, ""ix_count"": 0, ""latitude"": 33.755851, ""longitude"": -84.391243, ""name"": ""Coloblox Data Centers ATL2"", ""net_count"": 4, ""state"": ""GA"", ""status"": ""ok"", ""updated"": ""2025-09-26T22:49:54Z"", ""website"": ""https://coloblox.com""}"
4666,no_ixp,"{""city"": ""Billerica"", ""country"": ""US"", ""id"": 4666, ""ix_count"": 0, ""latitude"": 42.55167, ""longitude"": -71.215669, ""name"": ""Equinix BO2 - Boston, Billerica"", ""net_count"": 2, ""state"": ""MA"", ""status"": ""ok"", ""updated"": ""2025-09-26T22:49:57Z"", ""website"": ""http://www.equinix.com""}"
4675,no_ixp,"{""city"": ""Santa Clara"", ""country"": ""US"", ""id"": 4675, ""ix_count"": 0, ""latitude"": 37.379576, ""longitude"": -121.958562, ""name"": ""Digital Realty SJC (3205 Alfred St)"", ""net_count"": 0, ""state"": ""CA"", ""status"": ""ok"", ""updated"": ""2025-09-26T22:49:57Z"", ""website"": ""https://www.digitalrealty.com""}"
4676,no_ixp,"{""city"": ""Santa Clara"", ""country"": ""US"", ""id"": 4676, ""ix_count"": 0, ""latitude"": 37.378271, ""longitude"": -121.958112, ""name"": ""Digital Realty SJC (3105 Alfred St)"", ""net_count"": 2, ""state"": ""CA"", ""status"": ""ok"", ""updated"": ""2025-09-26T22:49:58Z"", ""website"": ""https://www.digitalrealty.com""}"
4678,no_ixp,"{""city"": ""Santa Clara"", ""country"": ""US"", ""id"": 4678, ""ix_count"": 0, ""latitude"": 37.376362, ""longitude"": -121.948543, ""name"": ""Digital Realty SJC (3011 Lafayette St)"", ""net_count"": 1, ""state"": ""CA"", ""status"": ""ok"", ""updated"": ""2025-09-26T22:49:58Z"", ""website"": ""https://www.digitalrealty.com""}"
4679,no_ixp,"{""city"": ""Santa Clara"", ""country"": ""US"", ""id"": 4679, ""ix_count"": 0, ""latitude"": 37.375034, ""longitude"": -121.958096, ""name"": ""Digital Realty SJC (1725 Comstock St)"", ""net_count"": 0, ""state"": ""CA"", ""status"": ""ok"", ""updated"": ""2025-09-26T22:49:58Z"", ""website"": ""https://www.digitalrealty.com""}"
4680,no_ixp,"{""city"": ""Santa Clara"", ""country"": ""US"", ""id"": 4680, ""ix_count"": 0, ""latitude"": 37.37493, ""longitude"": -121.956008, ""name"": ""Digital Realty SJC (1525 Comstock St)"", ""net_count"": 2, ""state"": ""CA"", ""status"": ""ok"", ""updated"": ""2025-09-26T22:49:58Z"", ""website"": ""https://www.digitalrealty.com""}"
4681,no_ixp,"{""city"": ""Santa Clara"", ""country"": ""US"", ""id"": 4681, ""ix_count"": 0, ""latitude"": 37.375801, ""longitude"": -121.955182, ""name"": ""Digital Realty SJC (1500 Space Park Dr)"", ""net_count"": 0, ""state"": ""CA"", ""status"": ""ok"", ""updated"": ""2025-09-26T22:49:59Z"", ""website"": ""https://www.digitalrealty.com""}"
4747,no_ixp,"{""city"": ""Chantilly"", ""country"": ""US"", ""id"": 4747, ""ix_count"": 0, ""latitude"": 38.910141, ""longitude"": -77.472549, ""name"": ""H5 Data Centers Virginia (4030)"", ""net_count"": 1, ""state"": ""VA"", ""status"": ""ok"", ""updated"": ""2026-05-22T20:21:40Z"", ""website"": ""http://h5datacenters.com/""}"
4748,no_ixp,"{""city"": ""Chantilly"", ""country"": ""US"", ""id"": 4748, ""ix_count"": 0, ""latitude"": 38.909881, ""longitude"": -77.473498, ""name"": ""H5 Data Centers Virginia (4040)"", ""net_count"": 1, ""state"": ""VA"", ""status"": ""ok"", ""updated"": ""2026-05-22T20:21:51Z"", ""website"": ""http://h5datacenters.com/""}"
4749,no_ixp,"{""city"": ""Chantilly"", ""country"": ""US"", ""id"": 4749, ""ix_count"": 0, ""latitude"": 38.909241, ""longitude"": -77.472266, ""name"": ""H5 Data Centers Virginia (4050)"", ""net_count"": 1, ""state"": ""VA"", ""status"": ""ok"", ""updated"": ""2026-05-22T20:22:01Z"", ""website"": ""http://h5datacenters.com/""}"
4750,no_ixp,"{""city"": ""Ashburn"", ""country"": ""US"", ""id"": 4750, ""ix_count"": 0, ""latitude"": 39.002814, ""longitude"": -77.481851, ""name"": ""43915 Devin Shafron"", ""net_count"": 3, ""state"": ""VA"", ""status"": ""ok"", ""updated"": ""2025-09-26T22:50:04Z"", ""website"": ""https://gipropertymgmt.com/""}"
4760,no_ixp,"{""city"": ""Gainesville"", ""country"": ""US"", ""id"": 4760, ""ix_count"": 0, ""latitude"": 38.775892, ""longitude"": -77.596103, ""name"": ""Digital Realty GNV (8217 Linton Hall)"", ""net_count"": 0, ""state"": ""VA"", ""status"": ""ok"", ""updated"": ""2025-09-26T22:50:07Z"", ""website"": ""https://www.digitalrealty.com""}"
4804,no_ixp,"{""city"": ""Trumbull"", ""country"": ""US"", ""id"": 4804, ""ix_count"": 0, ""latitude"": 41.240684, ""longitude"": -73.147321, ""name"": ""Aphorio Carter Trumbull Data Center"", ""net_count"": 1, ""state"": ""CT"", ""status"": ""ok"", ""updated"": ""2025-09-26T22:50:12Z"", ""website"": ""https://carterfunds.com/""}"
4870,no_ixp,"{""city"": ""Austin"", ""country"": ""US"", ""id"": 4870, ""ix_count"": 0, ""latitude"": 30.212179, ""longitude"": -97.695775, ""name"": ""Digital Realty AUS11 - Austin"", ""net_count"": 2, ""state"": ""TX"", ""status"": ""ok"", ""updated"": ""2026-07-23T06:17:51Z"", ""website"": ""https://www.digitalrealty.com""}"
4906,no_ixp,"{""city"": ""Owatonna"", ""country"": ""US"", ""id"": 4906, ""ix_count"": 0, ""latitude"": 44.083125, ""longitude"": -93.228236, ""name"": ""Jaguar Communications"", ""net_count"": 0, ""state"": ""MN"", ""status"": ""ok"", ""updated"": ""2025-09-26T22:50:20Z"", ""website"": """"}"
4952,no_ixp,"{""city"": ""El Segundo"", ""country"": ""US"", ""id"": 4952, ""ix_count"": 0, ""latitude"": 33.921614, ""longitude"": -118.386551, ""name"": ""Serverfarm LAX1 Los Angeles"", ""net_count"": 3, ""state"": ""CA"", ""status"": ""ok"", ""updated"": ""2025-09-26T22:50:22Z"", ""website"": ""http://www.serverfarmllc.com""}"
4953,no_ixp,"{""city"": ""Federal Way"", ""country"": ""US"", ""id"": 4953, ""ix_count"": 0, ""latitude"": 47.31176, ""longitude"": -122.294551, ""name"": ""Cogent Seattle"", ""net_count"": 3, ""state"": ""WA"", ""status"": ""ok"", ""updated"": ""2025-09-26T22:50:22Z"", ""website"": ""http://www.cogentco.com""}"
4990,no_ixp,"{""city"": ""Burbank"", ""country"": ""US"", ""id"": 4990, ""ix_count"": 0, ""latitude"": 34.177856, ""longitude"": -118.316743, ""name"": ""Burbank Water and Power"", ""net_count"": 0, ""state"": ""CA"", ""status"": ""ok"", ""updated"": ""2025-09-26T22:50:23Z"", ""website"": ""http://www.burbankca.gov""}"
4992,no_ixp,"{""city"": ""Collegeville"", ""country"": ""US"", ""id"": 4992, ""ix_count"": 0, ""latitude"": 40.151699, ""longitude"": -75.479529, ""name"": ""Flexential - Philadelphia/Collegeville (PHL01)"", ""net_count"": 2, ""state"": ""PA"", ""status"": ""ok"", ""updated"": ""2025-09-26T22:50:24Z"", ""website"": ""https://www.flexential.com/""}"
4993,no_ixp,"{""city"": ""Plano"", ""country"": ""US"", ""id"": 4993, ""ix_count"": 0, ""latitude"": 33.007418, ""longitude"": -96.666318, ""name"": ""Flexential - Dallas/Plano (DFW01)"", ""net_count"": 3, ""state"": ""TX"", ""status"": ""ok"", ""updated"": ""2025-09-26T22:50:24Z"", ""website"": ""https://www.flexential.com/""}"
4994,no_ixp,"{""city"": ""Fort Lauderdale"", ""country"": ""US"", ""id"": 4994, ""ix_count"": 0, ""latitude"": 26.190264, ""longitude"": -80.19326, ""name"": ""Flexential - Fort Lauderdale (FLL1/2)"", ""net_count"": 1, ""state"": ""FL"", ""status"": ""ok"", ""updated"": ""2025-09-26T22:50:24Z"", ""website"": ""https://www.flexential.com/""}"
4995,no_ixp,"{""city"": ""Norcross"", ""country"": ""US"", ""id"": 4995, ""ix_count"": 0, ""latitude"": 33.954763, ""longitude"": -84.198645, ""name"": ""Flexential - Atlanta/Norcross (ATL1/2)"", ""net_count"": 1, ""state"": ""GA"", ""status"": ""ok"", ""updated"": ""2025-09-26T22:50:24Z"", ""website"": ""https://www.flexential.com/""}"
4996,no_ixp,"{""city"": ""Alpharetta"", ""country"": ""US"", ""id"": 4996, ""ix_count"": 0, ""latitude"": 34.08716, ""longitude"": -84.252346, ""name"": ""Flexential - Atlanta/Alpharetta (ATL3/4)"", ""net_count"": 2, ""state"": ""GA"", ""status"": ""ok"", ""updated"": ""2025-09-26T22:50:24Z"", ""website"": ""https://www.flexential.com/""}"
5000,no_ixp,"{""city"": ""Jacksonville"", ""country"": ""US"", ""id"": 5000, ""ix_count"": 0, ""latitude"": 30.24567, ""longitude"": -81.581866, ""name"": ""Flexential - Jacksonville (JAX1/2)"", ""net_count"": 2, ""state"": ""FL"", ""status"": ""ok"", ""updated"": ""2025-09-26T22:50:25Z"", ""website"": ""https://www.flexential.com/""}"
5001,no_ixp,"{""city"": ""Louisville"", ""country"": ""US"", ""id"": 5001, ""ix_count"": 0, ""latitude"": 38.242458, ""longitude"": -85.733412, ""name"": ""Flexential - Louisville/Downtown (LOU02/03/04)"", ""net_count"": 2, ""state"": ""KY"", ""status"": ""ok"", ""updated"": ""2025-09-26T22:50:25Z"", ""website"": ""https://www.flexential.com/""}"
5002,no_ixp,"{""city"": ""Louisville"", ""country"": ""US"", ""id"": 5002, ""ix_count"": 0, ""latitude"": 38.276081, ""longitude"": -85.50733, ""name"": ""Flexential - Louisville/East (LOU5)"", ""net_count"": 0, ""state"": ""KY"", ""status"": ""ok"", ""updated"": ""2025-09-26T22:50:26Z"", ""website"": ""https://www.flexential.com/""}"
5003,no_ixp,"{""city"": ""Brentwood"", ""country"": ""US"", ""id"": 5003, ""ix_count"": 0, ""latitude"": 35.972453, ""longitude"": -86.808748, ""name"": ""Flexential - Nashville/Brentwood (NAS01/04)"", ""net_count"": 1, ""state"": ""TN"", ""status"": ""ok"", ""updated"": ""2025-09-26T22:50:26Z"", ""website"": ""https://www.flexential.com/""}"
5004,no_ixp,"{""city"": ""Franklin"", ""country"": ""US"", ""id"": 5004, ""ix_count"": 0, ""latitude"": 35.951091, ""longitude"": -86.833251, ""name"": ""Flexential - Nashville/Cool Springs (NAS02/03)"", ""net_count"": 3, ""state"": ""TN"", ""status"": ""ok"", ""updated"": ""2025-09-26T22:50:26Z"", ""website"": ""https://www.flexential.com/""}"
5005,no_ixp,"{""city"": ""Franklin"", ""country"": ""US"", ""id"": 5005, ""ix_count"": 0, ""latitude"": 35.92028, ""longitude"": -86.815618, ""name"": ""Flexential - Nashville/Franklin (NAS05/06)"", ""net_count"": 1, ""state"": ""TN"", ""status"": ""ok"", ""updated"": ""2025-09-26T22:50:26Z"", ""website"": ""https://www.flexential.com/""}"
5008,no_ixp,"{""city"": ""Richmond"", ""country"": ""US"", ""id"": 5008, ""ix_count"": 0, ""latitude"": 37.646784, ""longitude"": -77.438443, ""name"": ""Flexential - Richmond (RIC01/02)"", ""net_count"": 1, ""state"": ""VA"", ""status"": ""ok"", ""updated"": ""2025-09-26T22:50:27Z"", ""website"": ""https://www.flexential.com/""}"
5009,no_ixp,"{""city"": ""Tampa"", ""country"": ""US"", ""id"": 5009, ""ix_count"": 0, ""latitude"": 28.036955, ""longitude"": -82.540938, ""name"": ""Flexential - Tampa/West (TPA01/02)"", ""net_count"": 2, ""state"": ""FL"", ""status"": ""ok"", ""updated"": ""2025-09-26T22:50:27Z"", ""website"": ""https://www.flexential.com/""}"
5010,no_ixp,"{""city"": ""Tampa"", ""country"": ""US"", ""id"": 5010, ""ix_count"": 0, ""latitude"": 28.074222, ""longitude"": -82.368201, ""name"": ""Flexential - Tampa/North (TPA03)"", ""net_count"": 4, ""state"": ""FL"", ""status"": ""ok"", ""updated"": ""2025-09-26T22:50:27Z"", ""website"": ""https://www.flexential.com/""}"
5020,no_ixp,"{""city"": ""Tacoma"", ""country"": ""US"", ""id"": 5020, ""ix_count"": 0, ""latitude"": 47.253339, ""longitude"": -122.436765, ""name"": ""Colocation Northwest - Tacoma"", ""net_count"": 4, ""state"": ""WA"", ""status"": ""ok"", ""updated"": ""2025-09-26T22:50:28Z"", ""website"": ""http://www.isofusion.com/""}"
5042,no_ixp,"{""city"": ""Moorhead"", ""country"": ""US"", ""id"": 5042, ""ix_count"": 0, ""latitude"": 46.874078, ""longitude"": -96.769171, ""name"": ""702 Communications - Moorhead, MN"", ""net_count"": 2, ""state"": ""MN"", ""status"": ""ok"", ""updated"": ""2025-09-26T22:50:30Z"", ""website"": ""http://www.702com.com""}"
5085,no_ixp,"{""city"": ""Eugene"", ""country"": ""US"", ""id"": 5085, ""ix_count"": 0, ""latitude"": 44.05071, ""longitude"": -123.093116, ""name"": ""Data Center West Eugene"", ""net_count"": 2, ""state"": ""OR"", ""status"": ""ok"", ""updated"": ""2025-09-26T22:50:32Z"", ""website"": ""http://datacenterwest.com/""}"
5111,no_ixp,"{""city"": ""Miami"", ""country"": ""US"", ""id"": 5111, ""ix_count"": 0, ""latitude"": 25.945524, ""longitude"": -80.191391, ""name"": ""EdgeConneX Miami (EDCMIA02)"", ""net_count"": 3, ""state"": ""FL"", ""status"": ""ok"", ""updated"": ""2025-09-26T22:50:33Z"", ""website"": ""http://www.edgeconnex.com""}"
5138,no_ixp,"{""city"": ""Chandler"", ""country"": ""US"", ""id"": 5138, ""ix_count"": 0, ""latitude"": 33.27485, ""longitude"": -111.886948, ""name"": ""Digital Realty PHX15 (2121 S Price Rd)"", ""net_count"": 6, ""state"": ""AZ"", ""status"": ""ok"", ""updated"": ""2025-09-26T22:50:37Z"", ""website"": ""https://www.digitalrealty.com""}"
5151,invalid_coordinates,"{""city"": ""Sterling"", ""country"": ""US"", ""id"": 5151, ""ix_count"": 2, ""latitude"": null, ""longitude"": null, ""name"": ""QTS Ashburn (IAD2)"", ""net_count"": 9, ""state"": ""VA"", ""status"": ""ok"", ""updated"": ""2025-09-26T22:50:39Z"", ""website"": ""http://www.qtsdatacenters.com""}"
5204,no_ixp,"{""city"": ""Lakeland"", ""country"": ""US"", ""id"": 5204, ""ix_count"": 0, ""latitude"": 27.958465, ""longitude"": -81.965329, ""name"": ""Lawton Information Services, LLC"", ""net_count"": 1, ""state"": ""FL"", ""status"": ""ok"", ""updated"": ""2025-09-26T22:50:41Z"", ""website"": ""https://www.lawton-is.com""}"
5211,no_ixp,"{""city"": ""Orlando"", ""country"": ""US"", ""id"": 5211, ""ix_count"": 0, ""latitude"": 28.617526, ""longitude"": -81.393381, ""name"": ""HostDime Orlando Data Center"", ""net_count"": 8, ""state"": ""FL"", ""status"": ""ok"", ""updated"": ""2025-09-26T22:50:42Z"", ""website"": ""https://www.hostdime.com/""}"
5231,no_ixp,"{""city"": ""Rochester"", ""country"": ""US"", ""id"": 5231, ""ix_count"": 0, ""latitude"": 43.167127, ""longitude"": -77.673029, ""name"": ""CentriLogic Rochester (ROC)"", ""net_count"": 2, ""state"": ""NY"", ""status"": ""ok"", ""updated"": ""2025-09-26T22:50:45Z"", ""website"": ""http://www.centrilogic.com""}"
5232,no_ixp,"{""city"": ""Buffalo"", ""country"": ""US"", ""id"": 5232, ""ix_count"": 0, ""latitude"": 42.884112, ""longitude"": -78.875431, ""name"": ""CentriLogic Buffalo (BUF)"", ""net_count"": 1, ""state"": ""NY"", ""status"": ""ok"", ""updated"": ""2025-09-26T22:50:45Z"", ""website"": ""http://www.centrilogic.com""}"
5246,no_ixp,"{""city"": ""Petaluma"", ""country"": ""US"", ""id"": 5246, ""ix_count"": 0, ""latitude"": 38.274793, ""longitude"": -122.666564, ""name"": ""X2nSat Petaluma"", ""net_count"": 0, ""state"": ""CA"", ""status"": ""ok"", ""updated"": ""2025-09-26T22:50:47Z"", ""website"": ""https://www.x2nsat.com/""}"
5269,no_ixp,"{""city"": ""St. Louis"", ""country"": ""US"", ""id"": 5269, ""ix_count"": 0, ""latitude"": 38.629757, ""longitude"": -90.196398, ""name"": ""TierPoint St. Louis - Olive"", ""net_count"": 2, ""state"": ""MO"", ""status"": ""ok"", ""updated"": ""2025-09-26T22:50:48Z"", ""website"": ""http://www.tierpoint.com""}"
5326,no_ixp,"{""city"": ""San Francisco"", ""country"": ""US"", ""id"": 5326, ""ix_count"": 0, ""latitude"": 37.723698, ""longitude"": -122.398056, ""name"": ""Wave Data Centers San Francisco"", ""net_count"": 0, ""state"": ""CA"", ""status"": ""ok"", ""updated"": ""2025-09-26T22:50:52Z"", ""website"": ""http://www.wavesholesale.com""}"
5342,no_ixp,"{""city"": ""Baltimore"", ""country"": ""US"", ""id"": 5342, ""ix_count"": 0, ""latitude"": 39.27541, ""longitude"": -76.625461, ""name"": ""TierPoint Baltimore"", ""net_count"": 7, ""state"": ""MD"", ""status"": ""ok"", ""updated"": ""2025-09-26T22:50:54Z"", ""website"": ""http://www.tierpoint.com""}"
5363,no_ixp,"{""city"": ""Kalamazoo"", ""country"": ""US"", ""id"": 5363, ""ix_count"": 0, ""latitude"": 42.246545, ""longitude"": -85.675111, ""name"": ""Aunalytics Kalamazoo Datacenter"", ""net_count"": 1, ""state"": ""MI"", ""status"": ""ok"", ""updated"": ""2025-09-26T22:50:56Z"", ""website"": ""http://www.aunalytics.com""}"
5436,no_ixp,"{""city"": ""Charlotte"", ""country"": ""US"", ""id"": 5436, ""ix_count"": 0, ""latitude"": 35.173088, ""longitude"": -80.927807, ""name"": ""ScaleMatrix Charlotte Data Center US-East 01"", ""net_count"": 1, ""state"": ""NC"", ""status"": ""ok"", ""updated"": ""2025-09-26T22:51:02Z"", ""website"": ""https://www.scalematrix.com""}"
5437,no_ixp,"{""city"": ""Moses Lake"", ""country"": ""US"", ""id"": 5437, ""ix_count"": 0, ""latitude"": 47.181497, ""longitude"": -119.3215, ""name"": ""Serverfarm TiTAN Moses Lake"", ""net_count"": 2, ""state"": ""WA"", ""status"": ""ok"", ""updated"": ""2025-09-26T22:51:03Z"", ""website"": ""http://www.serverfarmllc.com""}"
5438,no_ixp,"{""city"": ""Oak Brook"", ""country"": ""US"", ""id"": 5438, ""ix_count"": 0, ""latitude"": 41.845343, ""longitude"": -87.941522, ""name"": ""Serverfarm CH2 Oak Brook / Chicago"", ""net_count"": 1, ""state"": ""IL"", ""status"": ""ok"", ""updated"": ""2025-09-26T22:51:03Z"", ""website"": ""http://www.serverfarmllc.com""}"
5439,no_ixp,"{""city"": ""Santa Clara"", ""country"": ""US"", ""id"": 5439, ""ix_count"": 0, ""latitude"": 37.407382, ""longitude"": -121.965885, ""name"": ""ServerFarm SC1"", ""net_count"": 1, ""state"": ""CA"", ""status"": ""ok"", ""updated"": ""2025-09-26T22:51:03Z"", ""website"": ""http://www.serverfarmllc.com""}"
5483,no_ixp,"{""city"": ""Nashville"", ""country"": ""US"", ""id"": 5483, ""ix_count"": 0, ""latitude"": 36.103326, ""longitude"": -86.668932, ""name"": ""Peace Communications NSH2"", ""net_count"": 3, ""state"": ""TN"", ""status"": ""ok"", ""updated"": ""2025-09-26T22:51:07Z"", ""website"": ""http://www.peacecom.net""}"
5500,no_ixp,"{""city"": ""Albany"", ""country"": ""US"", ""id"": 5500, ""ix_count"": 0, ""latitude"": 42.650018, ""longitude"": -73.752061, ""name"": ""INOC Albany (11 North Pearl St)"", ""net_count"": 2, ""state"": ""NY"", ""status"": ""ok"", ""updated"": ""2025-09-26T22:51:09Z"", ""website"": ""https://inoc.net/""}"
5501,no_ixp,"{""city"": ""Albany"", ""country"": ""US"", ""id"": 5501, ""ix_count"": 0, ""latitude"": 42.686106, ""longitude"": -73.84255, ""name"": ""INOC Albany (4 Tower Pl)"", ""net_count"": 1, ""state"": ""NY"", ""status"": ""ok"", ""updated"": ""2025-09-26T22:51:09Z"", ""website"": ""https://inoc.net/""}"
5522,no_ixp,"{""available_voltage_services"": [""48 VDC""], ""city"": ""Fayetteville"", ""country"": ""US"", ""id"": 5522, ""ix_count"": 0, ""latitude"": 36.077952, ""longitude"": -94.212464, ""name"": ""OzarksGo Fayetteville"", ""net_count"": 9, ""state"": ""AR"", ""status"": ""ok"", ""updated"": ""2025-09-26T22:51:11Z"", ""website"": ""http://www.ozarksgo.net""}"
5600,no_ixp,"{""city"": ""Los Angeles"", ""country"": ""US"", ""id"": 5600, ""ix_count"": 0, ""latitude"": 34.047423, ""longitude"": -118.25618, ""name"": ""Subrigo LAX11"", ""net_count"": 0, ""state"": ""CA"", ""status"": ""ok"", ""updated"": ""2025-09-26T22:51:18Z"", ""website"": ""http://www.subrigo.net""}"
5601,no_ixp,"{""city"": ""Southfield"", ""country"": ""US"", ""id"": 5601, ""ix_count"": 0, ""latitude"": 42.471612, ""longitude"": -83.238138, ""name"": ""Subrigo DET11"", ""net_count"": 1, ""state"": ""MI"", ""status"": ""ok"", ""updated"": ""2025-09-26T22:51:18Z"", ""website"": ""http://www.subrigo.net""}"
5609,no_ixp,"{""city"": ""Bloomington"", ""country"": ""US"", ""id"": 5609, ""ix_count"": 0, ""latitude"": 39.174464, ""longitude"": -86.500753, ""name"": ""Indiana University Data Center"", ""net_count"": 0, ""state"": ""IN"", ""status"": ""ok"", ""updated"": ""2025-09-26T22:51:18Z"", ""website"": ""https://www.iu.edu/""}"
5648,no_ixp,"{""city"": ""Huntsville"", ""country"": ""US"", ""id"": 5648, ""ix_count"": 0, ""latitude"": 34.745454, ""longitude"": -86.691888, ""name"": ""Simple Helix"", ""net_count"": 1, ""state"": ""AL"", ""status"": ""ok"", ""updated"": ""2025-09-26T22:51:19Z"", ""website"": ""http://www.simplehelix.com""}"
5775,no_ixp,"{""city"": ""Los Angeles"", ""country"": ""US"", ""id"": 5775, ""ix_count"": 0, ""latitude"": 34.047948, ""longitude"": -118.255358, ""name"": ""Crown Castle Los Angeles (624 S Grand)"", ""net_count"": 13, ""state"": ""CA"", ""status"": ""ok"", ""updated"": ""2025-09-26T22:51:30Z"", ""website"": ""https://www.crowncastle.com/""}"
5794,invalid_coordinates,"{""city"": ""Great Falls"", ""country"": ""US"", ""id"": 5794, ""ix_count"": 0, ""latitude"": null, ""longitude"": null, ""name"": ""North Data Center, LLC"", ""net_count"": 1, ""state"": ""MT"", ""status"": ""ok"", ""updated"": ""2025-09-26T22:51:31Z"", ""website"": """"}"
5804,no_ixp,"{""city"": ""Urbandale"", ""country"": ""US"", ""id"": 5804, ""ix_count"": 0, ""latitude"": 41.627418, ""longitude"": -93.768033, ""name"": ""IP Pathways DSM1"", ""net_count"": 2, ""state"": ""IA"", ""status"": ""ok"", ""updated"": ""2025-09-26T22:51:31Z"", ""website"": ""http://www.ippathways.com""}"
5835,no_ixp,"{""city"": ""Tulsa"", ""country"": ""US"", ""id"": 5835, ""ix_count"": 0, ""latitude"": 36.098083, ""longitude"": -95.839889, ""name"": ""TulsaConnect DC3"", ""net_count"": 1, ""state"": ""OK"", ""status"": ""ok"", ""updated"": ""2025-09-26T22:51:34Z"", ""website"": """"}"
5839,no_ixp,"{""city"": ""Lexington"", ""country"": ""US"", ""id"": 5839, ""ix_count"": 0, ""latitude"": 38.047912, ""longitude"": -84.499563, ""name"": ""QX.Net Lexington"", ""net_count"": 0, ""state"": ""KY"", ""status"": ""ok"", ""updated"": ""2025-09-26T22:51:34Z"", ""website"": ""http://www.qx.net""}"
5951,no_ixp,"{""city"": ""Needham"", ""country"": ""US"", ""id"": 5951, ""ix_count"": 0, ""latitude"": 42.302267, ""longitude"": -71.219577, ""name"": ""LightWave Networks"", ""net_count"": 0, ""state"": ""MA"", ""status"": ""ok"", ""updated"": ""2025-09-26T22:51:40Z"", ""website"": ""https://www.lightwavenetworks.com""}"
5970,no_ixp,"{""city"": ""Austin"", ""country"": ""US"", ""id"": 5970, ""ix_count"": 0, ""latitude"": 30.214315, ""longitude"": -97.712733, ""name"": ""LightEdge Austin 1 (AUS1)"", ""net_count"": 2, ""state"": ""TX"", ""status"": ""ok"", ""updated"": ""2025-09-26T22:51:41Z"", ""website"": ""http://www.lightedge.com/""}"
5971,no_ixp,"{""city"": ""Austin"", ""country"": ""US"", ""id"": 5971, ""ix_count"": 0, ""latitude"": 30.200169, ""longitude"": -97.70627, ""name"": ""LightEdge Austin 2 (AUS2)"", ""net_count"": 4, ""state"": ""TX"", ""status"": ""ok"", ""updated"": ""2025-09-26T22:51:41Z"", ""website"": ""http://www.lightedge.com/""}"
6022,no_ixp,"{""city"": ""Atlanta"", ""country"": ""US"", ""id"": 6022, ""ix_count"": 0, ""latitude"": 33.887451, ""longitude"": -84.467834, ""name"": ""Coloblox Data Centers ATL3"", ""net_count"": 3, ""state"": ""GA"", ""status"": ""ok"", ""updated"": ""2025-09-26T22:51:46Z"", ""website"": ""https://coloblox.com""}"
6064,no_ixp,"{""city"": ""Houston"", ""country"": ""US"", ""id"": 6064, ""ix_count"": 0, ""latitude"": 29.754605, ""longitude"": -95.369869, ""name"": ""InterConnX Realty"", ""net_count"": 0, ""state"": ""TX"", ""status"": ""ok"", ""updated"": ""2025-09-26T22:51:48Z"", ""website"": ""https://interconnx.net""}"
6090,no_ixp,"{""city"": ""Manassas"", ""country"": ""US"", ""id"": 6090, ""ix_count"": 0, ""latitude"": 38.747494, ""longitude"": -77.531749, ""name"": ""COPT DC-6"", ""net_count"": 8, ""state"": ""VA"", ""status"": ""ok"", ""updated"": ""2025-09-26T22:51:49Z"", ""website"": ""https://coptdata.com""}"
6095,no_ixp,"{""city"": ""San Jose"", ""country"": ""US"", ""id"": 6095, ""ix_count"": 0, ""latitude"": 37.402211, ""longitude"": -121.892822, ""name"": ""Stack Infrastructure Silicon Valley SVY01"", ""net_count"": 1, ""state"": ""CA"", ""status"": ""ok"", ""updated"": ""2025-09-26T22:51:50Z"", ""website"": ""https://www.stackinfra.com/""}"
6206,no_ixp,"{""city"": ""New York"", ""country"": ""US"", ""id"": 6206, ""ix_count"": 0, ""latitude"": 40.717729, ""longitude"": -74.008306, ""name"": ""Encompass New York 60 Hudson"", ""net_count"": 1, ""state"": ""NY"", ""status"": ""ok"", ""updated"": ""2025-09-26T22:51:54Z"", ""website"": ""http://www.encompass.tv""}"
6207,no_ixp,"{""city"": ""New York"", ""country"": ""US"", ""id"": 6207, ""ix_count"": 0, ""latitude"": 40.741469, ""longitude"": -74.003387, ""name"": ""Encompass New York 111 8th Ave"", ""net_count"": 0, ""state"": ""NY"", ""status"": ""ok"", ""updated"": ""2025-09-26T22:51:54Z"", ""website"": ""http://www.encompass.tv""}"
6273,no_ixp,"{""city"": ""Vienna"", ""country"": ""US"", ""id"": 6273, ""ix_count"": 0, ""latitude"": 38.908613, ""longitude"": -77.220473, ""name"": ""Element Critical Northern Virginia VA1"", ""net_count"": 0, ""state"": ""VA"", ""status"": ""ok"", ""updated"": ""2025-09-26T22:51:57Z"", ""website"": ""https://elementcritical.com""}"
6317,no_ixp,"{""city"": ""Duluth"", ""country"": ""US"", ""id"": 6317, ""ix_count"": 0, ""latitude"": 46.827451, ""longitude"": -92.130338, ""name"": ""ark data centers - Duluth, MN"", ""net_count"": 6, ""state"": ""MN"", ""status"": ""ok"", ""updated"": ""2025-09-26T22:51:59Z"", ""website"": ""https://www.arkdna.com""}"
6334,no_ixp,"{""city"": ""Stamford"", ""country"": ""US"", ""id"": 6334, ""ix_count"": 0, ""latitude"": 41.091604, ""longitude"": -73.516758, ""name"": ""Cloudpath CT1 (26 Fahey St)"", ""net_count"": 1, ""state"": ""CT"", ""status"": ""ok"", ""updated"": ""2025-09-26T22:52:00Z"", ""website"": ""http://www.cloudpath.com""}"
6339,no_ixp,"{""city"": ""Northborough"", ""country"": ""US"", ""id"": 6339, ""ix_count"": 0, ""latitude"": 42.340622, ""longitude"": -71.639811, ""name"": ""Iron Mountain Data Center - Boston (BOS-1)"", ""net_count"": 1, ""state"": ""MA"", ""status"": ""ok"", ""updated"": ""2025-09-26T22:52:01Z"", ""website"": ""https://www.ironmountain.com/data-centers""}"
6340,no_ixp,"{""city"": ""Boyers"", ""country"": ""US"", ""id"": 6340, ""ix_count"": 0, ""latitude"": 41.092096, ""longitude"": -79.912188, ""name"": ""Iron Mountain Data Center - Western Pennsylvania (WPA-1)"", ""net_count"": 4, ""state"": ""PA"", ""status"": ""ok"", ""updated"": ""2025-09-26T22:52:01Z"", ""website"": ""https://www.ironmountain.com/data-centers""}"
6342,no_ixp,"{""city"": ""Kansas City"", ""country"": ""US"", ""id"": 6342, ""ix_count"": 0, ""latitude"": 39.010862, ""longitude"": -94.501281, ""name"": ""Iron Mountain Data Center - Kansas City (KCM-1)"", ""net_count"": 2, ""state"": ""MO"", ""status"": ""ok"", ""updated"": ""2025-09-26T22:52:01Z"", ""website"": ""https://www.ironmountain.com/data-centers""}"
6344,no_ixp,"{""city"": ""Manassas"", ""country"": ""US"", ""id"": 6344, ""ix_count"": 0, ""latitude"": 38.770228, ""longitude"": -77.539018, ""name"": ""Iron Mountain Data Center - Manassas (VA-2)"", ""net_count"": 3, ""state"": ""VA"", ""status"": ""ok"", ""updated"": ""2025-09-26T22:52:01Z"", ""website"": ""https://www.ironmountain.com/data-centers""}"
6380,no_ixp,"{""city"": ""Quincy"", ""country"": ""US"", ""id"": 6380, ""ix_count"": 0, ""latitude"": 47.252471, ""longitude"": -119.819721, ""name"": ""H5 Data Centers Quincy"", ""net_count"": 3, ""state"": ""WA"", ""status"": ""ok"", ""updated"": ""2025-09-26T22:52:07Z"", ""website"": ""http://h5datacenters.com/""}"
6381,no_ixp,"{""city"": ""Cincinnati"", ""country"": ""US"", ""id"": 6381, ""ix_count"": 0, ""latitude"": 39.097935, ""longitude"": -84.524095, ""name"": ""H5 Data Centers Cincinnati"", ""net_count"": 1, ""state"": ""OH"", ""status"": ""ok"", ""updated"": ""2025-09-26T22:52:07Z"", ""website"": ""http://h5datacenters.com/""}"
6418,no_ixp,"{""city"": ""Buffalo"", ""country"": ""US"", ""id"": 6418, ""ix_count"": 0, ""latitude"": 42.893049, ""longitude"": -78.875318, ""name"": ""ColoCrossing BUF1"", ""net_count"": 7, ""state"": ""NY"", ""status"": ""ok"", ""updated"": ""2025-09-26T22:52:10Z"", ""website"": ""https://www.colocrossing.com""}"
6422,no_ixp,"{""city"": ""San Jose"", ""country"": ""US"", ""id"": 6422, ""ix_count"": 0, ""latitude"": 37.33417, ""longitude"": -121.891703, ""name"": ""ColoCrossing SJ1"", ""net_count"": 0, ""state"": ""CA"", ""status"": ""ok"", ""updated"": ""2025-09-26T22:52:10Z"", ""website"": ""https://www.colocrossing.com""}"
6423,no_ixp,"{""city"": ""Seattle"", ""country"": ""US"", ""id"": 6423, ""ix_count"": 0, ""latitude"": 47.49312, ""longitude"": -122.293712, ""name"": ""ColoCrossing SEA1"", ""net_count"": 3, ""state"": ""WA"", ""status"": ""ok"", ""updated"": ""2025-09-26T22:52:11Z"", ""website"": ""https://www.colocrossing.com""}"
6425,no_ixp,"{""city"": ""Piscataway"", ""country"": ""US"", ""id"": 6425, ""ix_count"": 0, ""latitude"": 40.557342, ""longitude"": -74.484434, ""name"": ""ColoCrossing NJ1"", ""net_count"": 0, ""state"": ""NJ"", ""status"": ""ok"", ""updated"": ""2025-09-26T22:52:11Z"", ""website"": ""https://www.colocrossing.com""}"
6426,no_ixp,"{""city"": ""Los Angeles"", ""country"": ""US"", ""id"": 6426, ""ix_count"": 0, ""latitude"": 34.048336, ""longitude"": -118.255083, ""name"": ""ColoCrossing LA1"", ""net_count"": 3, ""state"": ""CA"", ""status"": ""ok"", ""updated"": ""2025-09-26T22:52:11Z"", ""website"": ""https://www.colocrossing.com""}"
6427,no_ixp,"{""city"": ""Dallas"", ""country"": ""US"", ""id"": 6427, ""ix_count"": 0, ""latitude"": 32.807888, ""longitude"": -96.857296, ""name"": ""ColoCrossing DFW1"", ""net_count"": 0, ""state"": ""TX"", ""status"": ""ok"", ""updated"": ""2025-09-26T22:52:11Z"", ""website"": ""https://www.colocrossing.com""}"
6428,no_ixp,"{""city"": ""Elk Grove Village"", ""country"": ""US"", ""id"": 6428, ""ix_count"": 0, ""latitude"": 41.994256, ""longitude"": -87.961965, ""name"": ""ColoCrossing CHI1"", ""net_count"": 0, ""state"": ""IL"", ""status"": ""ok"", ""updated"": ""2025-09-26T22:52:12Z"", ""website"": ""https://www.colocrossing.com""}"
6436,no_ixp,"{""city"": ""Manassas"", ""country"": ""US"", ""id"": 6436, ""ix_count"": 0, ""latitude"": 38.716855, ""longitude"": -77.499738, ""name"": ""CloudHQ MCC1"", ""net_count"": 0, ""state"": ""VA"", ""status"": ""ok"", ""updated"": ""2025-09-26T22:52:14Z"", ""website"": ""http://cloudhq.com""}"
6439,no_ixp,"{""city"": ""Miami"", ""country"": ""US"", ""id"": 6439, ""ix_count"": 0, ""latitude"": 25.767492, ""longitude"": -80.191037, ""name"": ""Peer-Point Colocation"", ""net_count"": 0, ""state"": ""FL"", ""status"": ""ok"", ""updated"": ""2025-09-26T22:52:14Z"", ""website"": ""http://www.peer-point.com""}"
6453,no_ixp,"{""city"": ""Chantilly"", ""country"": ""US"", ""id"": 6453, ""ix_count"": 0, ""latitude"": 38.908137, ""longitude"": -77.475261, ""name"": ""ATI Solutions"", ""net_count"": 1, ""state"": ""VA"", ""status"": ""ok"", ""updated"": ""2025-09-26T22:52:15Z"", ""website"": ""https://www.atisolutions.com""}"
6461,no_ixp,"{""city"": ""Cheyenne"", ""country"": ""US"", ""id"": 6461, ""ix_count"": 0, ""latitude"": 41.129714, ""longitude"": -104.741612, ""name"": ""Lunavi - Cheyenne"", ""net_count"": 4, ""state"": ""WY"", ""status"": ""ok"", ""updated"": ""2025-09-26T22:52:16Z"", ""website"": ""https://lunavi.com/""}"
6480,no_ixp,"{""available_voltage_services"": [""48 VDC""], ""city"": ""Mason City"", ""country"": ""US"", ""id"": 6480, ""ix_count"": 0, ""latitude"": 43.132695, ""longitude"": -93.27891, ""name"": ""SFN IA-Emery"", ""net_count"": 5, ""state"": ""IA"", ""status"": ""ok"", ""updated"": ""2025-09-26T22:52:17Z"", ""website"": ""http://www.southfront.io""}"
6505,no_ixp,"{""city"": ""Honolulu"", ""country"": ""US"", ""id"": 6505, ""ix_count"": 0, ""latitude"": 21.331924, ""longitude"": -157.888183, ""name"": ""Endeavor Data Center"", ""net_count"": 0, ""state"": ""HI"", ""status"": ""ok"", ""updated"": ""2025-09-26T22:52:21Z"", ""website"": ""http://systemmetrics.hawaiiantel.com/""}"
6529,no_ixp,"{""city"": ""Miami"", ""country"": ""US"", ""id"": 6529, ""ix_count"": 0, ""latitude"": 25.932848, ""longitude"": -80.121136, ""name"": ""UPX Miami"", ""net_count"": 0, ""state"": ""FL"", ""status"": ""ok"", ""updated"": ""2025-09-26T22:52:22Z"", ""website"": ""https://upx.com""}"
6536,no_ixp,"{""city"": ""Beltsville"", ""country"": ""US"", ""id"": 6536, ""ix_count"": 0, ""latitude"": 39.052767, ""longitude"": -76.925864, ""name"": ""AiNET WDC8"", ""net_count"": 2, ""state"": ""MD"", ""status"": ""ok"", ""updated"": ""2025-09-26T22:52:23Z"", ""website"": ""http://www.ai.net""}"
6537,no_ixp,"{""city"": ""Laurel"", ""country"": ""US"", ""id"": 6537, ""ix_count"": 0, ""latitude"": 39.101379, ""longitude"": -76.847997, ""name"": ""AiNET WDC11"", ""net_count"": 3, ""state"": ""MD"", ""status"": ""ok"", ""updated"": ""2025-09-26T22:52:23Z"", ""website"": ""http://www.ai.net""}"
6539,no_ixp,"{""city"": ""Glen Burnie"", ""country"": ""US"", ""id"": 6539, ""ix_count"": 0, ""latitude"": 39.13848, ""longitude"": -76.605528, ""name"": ""AiNET MD-790R"", ""net_count"": 1, ""state"": ""MD"", ""status"": ""ok"", ""updated"": ""2025-09-26T22:52:24Z"", ""website"": ""http://www.ai.net""}"
6543,no_ixp,"{""city"": ""Washington"", ""country"": ""US"", ""id"": 6543, ""ix_count"": 0, ""latitude"": 38.90101, ""longitude"": -77.003861, ""name"": ""AiNET DC-900S"", ""net_count"": 1, ""state"": ""DC"", ""status"": ""ok"", ""updated"": ""2025-09-26T22:52:24Z"", ""website"": ""http://www.ai.net""}"
6553,no_ixp,"{""city"": ""Sacramento"", ""country"": ""US"", ""id"": 6553, ""ix_count"": 0, ""latitude"": 38.644384, ""longitude"": -121.498636, ""name"": ""RagingWire CA3 - NTT"", ""net_count"": 5, ""state"": ""CA"", ""status"": ""ok"", ""updated"": ""2025-09-26T22:52:25Z"", ""website"": ""https://www.ragingwire.com/""}"
6575,no_ixp,"{""city"": ""Bellevue"", ""country"": ""US"", ""id"": 6575, ""ix_count"": 0, ""latitude"": 47.583534, ""longitude"": -122.134492, ""name"": ""Colocation Northwest - Bellevue"", ""net_count"": 2, ""state"": ""WA"", ""status"": ""ok"", ""updated"": ""2025-09-26T22:52:27Z"", ""website"": ""http://www.isofusion.com/""}"
6576,no_ixp,"{""city"": ""Redmond"", ""country"": ""US"", ""id"": 6576, ""ix_count"": 0, ""latitude"": 47.632512, ""longitude"": -122.138538, ""name"": ""Colocation Northwest - Redmond"", ""net_count"": 2, ""state"": ""WA"", ""status"": ""ok"", ""updated"": ""2025-09-26T22:52:27Z"", ""website"": ""http://www.isofusion.com/""}"
6577,no_ixp,"{""city"": ""Seattle"", ""country"": ""US"", ""id"": 6577, ""ix_count"": 0, ""latitude"": 47.614347, ""longitude"": -122.338883, ""name"": ""Colocation Northwest - Seattle"", ""net_count"": 10, ""state"": ""WA"", ""status"": ""ok"", ""updated"": ""2025-09-26T22:52:27Z"", ""website"": ""http://www.isofusion.com/""}"
6578,no_ixp,"{""city"": ""Puyallup"", ""country"": ""US"", ""id"": 6578, ""ix_count"": 0, ""latitude"": 47.154859, ""longitude"": -122.279018, ""name"": ""Colocation Northwest - South Hill"", ""net_count"": 3, ""state"": ""WA"", ""status"": ""ok"", ""updated"": ""2025-09-26T22:52:28Z"", ""website"": ""http://www.isofusion.com/""}"
6587,no_ixp,"{""city"": ""Northlake"", ""country"": ""US"", ""id"": 6587, ""ix_count"": 0, ""latitude"": 41.920267, ""longitude"": -87.912334, ""name"": ""Digital Realty CHI (505 N Railroad)"", ""net_count"": 0, ""state"": ""IL"", ""status"": ""ok"", ""updated"": ""2025-09-26T22:52:29Z"", ""website"": ""https://www.digitalrealty.com""}"
6598,no_ixp,"{""city"": ""New York"", ""country"": ""US"", ""id"": 6598, ""ix_count"": 0, ""latitude"": 40.59761, ""longitude"": -73.995101, ""name"": ""Wnet Telecom USA"", ""net_count"": 0, ""state"": ""NY"", ""status"": ""ok"", ""updated"": ""2025-09-26T22:52:30Z"", ""website"": ""https://wnet.global""}"
6669,no_ixp,"{""city"": ""Hawthorne"", ""country"": ""US"", ""id"": 6669, ""ix_count"": 0, ""latitude"": 33.924259, ""longitude"": -118.320802, ""name"": ""Centersquare Los Angeles (LAX4)"", ""net_count"": 3, ""state"": ""CA"", ""status"": ""ok"", ""updated"": ""2025-09-26T22:52:33Z"", ""website"": ""https://www.centersquaredc.com/""}"
6678,no_ixp,"{""city"": ""Watertown"", ""country"": ""US"", ""id"": 6678, ""ix_count"": 0, ""latitude"": 42.365768, ""longitude"": -71.158084, ""name"": ""Centersquare Boston (BOS4-A)"", ""net_count"": 2, ""state"": ""MA"", ""status"": ""ok"", ""updated"": ""2025-09-26T22:52:34Z"", ""website"": ""https://www.centersquaredc.com/""}"
6716,no_ixp,"{""city"": ""North Kansas City"", ""country"": ""US"", ""id"": 6716, ""ix_count"": 0, ""latitude"": 39.13335, ""longitude"": -94.580005, ""name"": ""UnReal Servers"", ""net_count"": 1, ""state"": ""MO"", ""status"": ""ok"", ""updated"": ""2025-09-26T22:52:36Z"", ""website"": ""http://www.unrealservers.net/""}"
6747,no_ixp,"{""city"": ""Raleigh"", ""country"": ""US"", ""id"": 6747, ""ix_count"": 0, ""latitude"": 35.854381, ""longitude"": -78.597011, ""name"": ""Level(3) Raleigh"", ""net_count"": 3, ""state"": ""NC"", ""status"": ""ok"", ""updated"": ""2025-09-26T22:52:39Z"", ""website"": ""http://www.lumen.com/""}"
6765,no_ixp,"{""city"": ""San Diego"", ""country"": ""US"", ""id"": 6765, ""ix_count"": 0, ""latitude"": 32.544028, ""longitude"": -117.027372, ""name"": ""Border Crossing Pop 1"", ""net_count"": 0, ""state"": ""CA"", ""status"": ""ok"", ""updated"": ""2025-09-26T22:52:40Z"", ""website"": ""http://www.mie.mx""}"
6776,no_ixp,"{""city"": ""Plano"", ""country"": ""US"", ""id"": 6776, ""ix_count"": 0, ""latitude"": 33.015496, ""longitude"": -96.766132, ""name"": ""Lincoln Rackhouse Dallas"", ""net_count"": 0, ""state"": ""TX"", ""status"": ""ok"", ""updated"": ""2025-09-26T22:52:40Z"", ""website"": ""http://rackhouse.com""}"
6885,no_ixp,"{""city"": ""Silver Spring"", ""country"": ""US"", ""id"": 6885, ""ix_count"": 0, ""latitude"": 39.058289, ""longitude"": -76.964548, ""name"": ""Lincoln Rackhouse Silver Spring"", ""net_count"": 0, ""state"": ""MD"", ""status"": ""ok"", ""updated"": ""2025-09-26T22:52:49Z"", ""website"": ""http://rackhouse.com""}"
6886,no_ixp,"{""city"": ""Aurora"", ""country"": ""US"", ""id"": 6886, ""ix_count"": 0, ""latitude"": 41.772203, ""longitude"": -88.217055, ""name"": ""Lincoln Rackhouse Aurora"", ""net_count"": 0, ""state"": ""IL"", ""status"": ""ok"", ""updated"": ""2025-09-26T22:52:49Z"", ""website"": ""http://rackhouse.com""}"
6904,no_ixp,"{""city"": ""Wood Dale"", ""country"": ""US"", ""id"": 6904, ""ix_count"": 0, ""latitude"": 41.975882, ""longitude"": -87.964568, ""name"": ""Element Critical Chicago CH1"", ""net_count"": 2, ""state"": ""IL"", ""status"": ""ok"", ""updated"": ""2025-09-26T22:52:51Z"", ""website"": ""https://elementcritical.com""}"
6915,no_ixp,"{""city"": ""Orlando"", ""country"": ""US"", ""id"": 6915, ""ix_count"": 0, ""latitude"": 28.638819, ""longitude"": -81.39965, ""name"": ""Smart City Telecom Maitland Colo"", ""net_count"": 0, ""state"": ""FL"", ""status"": ""ok"", ""updated"": ""2025-09-26T22:52:51Z"", ""website"": """"}"
6937,no_ixp,"{""city"": ""Royal Oak"", ""country"": ""US"", ""id"": 6937, ""ix_count"": 0, ""latitude"": 42.533508, ""longitude"": -83.177393, ""name"": ""Liberty Center One"", ""net_count"": 5, ""state"": ""MI"", ""status"": ""ok"", ""updated"": ""2025-09-26T22:52:53Z"", ""website"": ""https://libertycenterone.com/""}"
6972,no_ixp,"{""available_voltage_services"": [""48 VDC""], ""city"": ""Modesto"", ""country"": ""US"", ""id"": 6972, ""ix_count"": 0, ""latitude"": 37.641953, ""longitude"": -121.00224, ""name"": ""Volt Modesto"", ""net_count"": 1, ""state"": ""CA"", ""status"": ""ok"", ""updated"": ""2025-09-26T22:52:54Z"", ""website"": ""http://VoltBB.com""}"
7047,no_ixp,"{""city"": ""Norfolk"", ""country"": ""US"", ""id"": 7047, ""ix_count"": 0, ""latitude"": 36.878851, ""longitude"": -76.221387, ""name"": ""Lumen Norfolk"", ""net_count"": 0, ""state"": ""VA"", ""status"": ""ok"", ""updated"": ""2025-09-26T22:52:58Z"", ""website"": ""http://www.lumen.com/""}"
7073,no_ixp,"{""city"": ""Virginia Beach"", ""country"": ""US"", ""id"": 7073, ""ix_count"": 0, ""latitude"": 36.784195, ""longitude"": -76.00859, ""name"": ""Globalinx Virginia Beach CLS"", ""net_count"": 1, ""state"": ""VA"", ""status"": ""ok"", ""updated"": ""2025-09-26T22:53:00Z"", ""website"": ""http://www.globalinxdatacenters.com""}"
7169,no_ixp,"{""city"": ""Kapolei"", ""country"": ""US"", ""id"": 7169, ""ix_count"": 0, ""latitude"": 21.334443, ""longitude"": -158.08691, ""name"": ""AlohaNAP Datacenter"", ""net_count"": 2, ""state"": ""HI"", ""status"": ""ok"", ""updated"": ""2025-09-26T22:53:07Z"", ""website"": ""https://alohanap.com""}"
7173,no_ixp,"{""city"": ""Milwaukee"", ""country"": ""US"", ""id"": 7173, ""ix_count"": 0, ""latitude"": 43.03904, ""longitude"": -87.907046, ""name"": ""TSR Solutions Data Center"", ""net_count"": 5, ""state"": ""WI"", ""status"": ""ok"", ""updated"": ""2025-09-26T22:53:07Z"", ""website"": ""https://tsrsolutions.com""}"
7187,no_ixp,"{""city"": ""Manassas"", ""country"": ""US"", ""id"": 7187, ""ix_count"": 0, ""latitude"": 38.722972, ""longitude"": -77.499229, ""name"": ""CloudHQ MCC2"", ""net_count"": 0, ""state"": ""VA"", ""status"": ""ok"", ""updated"": ""2025-09-26T22:53:08Z"", ""website"": ""http://cloudhq.com""}"
7217,no_ixp,"{""city"": ""Chattanooga"", ""country"": ""US"", ""id"": 7217, ""ix_count"": 0, ""latitude"": 35.031582, ""longitude"": -85.297262, ""name"": ""DC BLOX CHA1 - DCBLOX Chattanooga"", ""net_count"": 6, ""state"": ""TN"", ""status"": ""ok"", ""updated"": ""2025-09-26T22:53:09Z"", ""website"": ""http://www.dcblox.com""}"
7218,no_ixp,"{""city"": ""Huntsville"", ""country"": ""US"", ""id"": 7218, ""ix_count"": 0, ""latitude"": 34.711822, ""longitude"": -86.692154, ""name"": ""DC BLOX HSV1 - DCBLOX Huntsville"", ""net_count"": 2, ""state"": ""AL"", ""status"": ""ok"", ""updated"": ""2025-09-26T22:53:09Z"", ""website"": ""http://www.dcblox.com""}"
7220,no_ixp,"{""city"": ""Atlanta"", ""country"": ""US"", ""id"": 7220, ""ix_count"": 0, ""latitude"": 33.831665, ""longitude"": -84.339169, ""name"": ""DC BLOX ATL1 - DCBLOX Atlanta"", ""net_count"": 2, ""state"": ""GA"", ""status"": ""ok"", ""updated"": ""2025-09-26T22:53:10Z"", ""website"": ""http://www.dcblox.com""}"
7262,no_ixp,"{""city"": ""Latham"", ""country"": ""US"", ""id"": 7262, ""ix_count"": 0, ""latitude"": 42.74545, ""longitude"": -73.75914, ""name"": ""TurnKey Internet"", ""net_count"": 1, ""state"": ""NY"", ""status"": ""ok"", ""updated"": ""2025-09-26T22:53:12Z"", ""website"": ""https://turnkeyinternet.net""}"
7263,no_ixp,"{""city"": ""Los Angeles"", ""country"": ""US"", ""id"": 7263, ""ix_count"": 0, ""latitude"": 34.048336, ""longitude"": -118.255083, ""name"": ""TurnKey Internet - CA"", ""net_count"": 1, ""state"": ""CA"", ""status"": ""ok"", ""updated"": ""2025-09-26T22:53:12Z"", ""website"": ""https://turnkeyinternet.net""}"
7264,no_ixp,"{""city"": ""Albany"", ""country"": ""US"", ""id"": 7264, ""ix_count"": 0, ""latitude"": 42.649423, ""longitude"": -73.752684, ""name"": ""TurnKey Internet - DR"", ""net_count"": 1, ""state"": ""NY"", ""status"": ""ok"", ""updated"": ""2025-09-26T22:53:13Z"", ""website"": ""https://turnkeyinternet.net""}"
7265,no_ixp,"{""city"": ""Albany"", ""country"": ""US"", ""id"": 7265, ""ix_count"": 0, ""latitude"": 42.649423, ""longitude"": -73.752684, ""name"": ""Cogent Albany"", ""net_count"": 5, ""state"": ""NY"", ""status"": ""ok"", ""updated"": ""2025-09-26T22:53:13Z"", ""website"": ""http://www.cogentco.com""}"
7267,no_ixp,"{""city"": ""New York"", ""country"": ""US"", ""id"": 7267, ""ix_count"": 0, ""latitude"": 40.751657, ""longitude"": -74.007158, ""name"": ""Lumen New York"", ""net_count"": 4, ""state"": ""NY"", ""status"": ""ok"", ""updated"": ""2025-09-26T22:53:13Z"", ""website"": ""http://www.lumen.com/""}"
7271,no_ixp,"{""city"": ""Bellevue"", ""country"": ""US"", ""id"": 7271, ""ix_count"": 0, ""latitude"": 41.178209, ""longitude"": -95.924766, ""name"": ""TierPoint Omaha - Bellevue"", ""net_count"": 5, ""state"": ""NE"", ""status"": ""ok"", ""updated"": ""2025-09-26T22:53:14Z"", ""website"": ""http://www.tierpoint.com""}"
7288,no_ixp,"{""city"": ""Newton"", ""country"": ""US"", ""id"": 7288, ""ix_count"": 0, ""latitude"": 41.058209, ""longitude"": -74.75396, ""name"": ""Planet Networks Newton Datacenter"", ""net_count"": 1, ""state"": ""NJ"", ""status"": ""ok"", ""updated"": ""2025-09-26T22:53:16Z"", ""website"": ""https://www.planet.net""}"
7297,no_ixp,"{""city"": ""Los Angeles"", ""country"": ""US"", ""id"": 7297, ""ix_count"": 0, ""latitude"": 34.061086, ""longitude"": -118.293315, ""name"": ""Xfernet LAX01"", ""net_count"": 0, ""state"": ""CA"", ""status"": ""ok"", ""updated"": ""2025-09-26T22:53:16Z"", ""website"": ""http://www.xfernet.com""}"
7332,no_ixp,"{""available_voltage_services"": [""48 VDC""], ""city"": ""Iowa Falls"", ""country"": ""US"", ""id"": 7332, ""ix_count"": 0, ""latitude"": 42.555386, ""longitude"": -93.259636, ""name"": ""SFN IA-IowaFalls"", ""net_count"": 3, ""state"": ""IA"", ""status"": ""ok"", ""updated"": ""2025-09-26T22:53:17Z"", ""website"": ""http://www.southfront.io""}"
7359,no_ixp,"{""city"": ""Ashburn"", ""country"": ""US"", ""id"": 7359, ""ix_count"": 0, ""latitude"": 39.015352, ""longitude"": -77.478264, ""name"": ""Sabey Intergate.Ashburn"", ""net_count"": 5, ""state"": ""VA"", ""status"": ""ok"", ""updated"": ""2025-09-26T22:53:19Z"", ""website"": ""https://sabey.com/datacenters/""}"
7566,no_ixp,"{""city"": ""Hillsboro"", ""country"": ""US"", ""id"": 7566, ""ix_count"": 0, ""latitude"": 45.548296, ""longitude"": -122.907473, ""name"": ""EdgeConneX Hillsboro (EDCPOR02)"", ""net_count"": 8, ""state"": ""OR"", ""status"": ""ok"", ""updated"": ""2025-09-26T22:53:30Z"", ""website"": ""http://www.edgeconnex.com""}"
7670,no_ixp,"{""city"": ""Fresno"", ""country"": ""US"", ""id"": 7670, ""ix_count"": 0, ""latitude"": 36.846165, ""longitude"": -119.799363, ""name"": ""Unwired FAT1 - Fresno Colocation"", ""net_count"": 1, ""state"": ""CA"", ""status"": ""ok"", ""updated"": ""2025-09-26T22:53:45Z"", ""website"": ""http://www.getunwired.com/""}"
7736,no_ixp,"{""city"": ""Spartanburg"", ""country"": ""US"", ""id"": 7736, ""ix_count"": 0, ""latitude"": 34.996536, ""longitude"": -82.033518, ""name"": ""DartPoints Spartanburg, SC - SPA1"", ""net_count"": 4, ""state"": ""SC"", ""status"": ""ok"", ""updated"": ""2025-09-26T22:53:48Z"", ""website"": ""https://dartpoints.com/""}"
7737,no_ixp,"{""city"": ""Columbus"", ""country"": ""US"", ""id"": 7737, ""ix_count"": 0, ""latitude"": 39.182544, ""longitude"": -85.897349, ""name"": ""DartPoints Columbus, IN - CLU1"", ""net_count"": 7, ""state"": ""IN"", ""status"": ""ok"", ""updated"": ""2025-09-26T22:53:48Z"", ""website"": ""https://dartpoints.com/""}"
7741,no_ixp,"{""city"": ""Bridgeport"", ""country"": ""US"", ""id"": 7741, ""ix_count"": 0, ""latitude"": 39.276713, ""longitude"": -80.270157, ""name"": ""Citynet Bridgeport"", ""net_count"": 1, ""state"": ""WV"", ""status"": ""ok"", ""updated"": ""2025-09-26T22:53:48Z"", ""website"": """"}"
7836,no_ixp,"{""city"": ""Santa Clara"", ""country"": ""US"", ""id"": 7836, ""ix_count"": 0, ""latitude"": 37.375719, ""longitude"": -121.955154, ""name"": ""Centersquare Silicon Valley (SFO4-A)"", ""net_count"": 0, ""state"": ""CA"", ""status"": ""ok"", ""updated"": ""2025-09-26T22:53:52Z"", ""website"": ""https://www.centersquaredc.com/""}"
7861,no_ixp,"{""city"": ""Ashburn"", ""country"": ""US"", ""id"": 7861, ""ix_count"": 0, ""latitude"": 39.014003, ""longitude"": -77.469729, ""name"": ""Aligned Ashburn (IAD-01)"", ""net_count"": 1, ""state"": ""VA"", ""status"": ""ok"", ""updated"": ""2025-09-26T22:53:54Z"", ""website"": ""https://www.aligneddc.com""}"
7864,no_ixp,"{""city"": ""South West Jordan"", ""country"": ""US"", ""id"": 7864, ""ix_count"": 0, ""latitude"": 40.585936, ""longitude"": -111.969762, ""name"": ""Aligned Salt Lake (SLC-02)"", ""net_count"": 0, ""state"": ""UT"", ""status"": ""ok"", ""updated"": ""2025-09-26T22:53:54Z"", ""website"": ""https://www.aligneddc.com""}"
7865,no_ixp,"{""city"": ""South West Jordan"", ""country"": ""US"", ""id"": 7865, ""ix_count"": 0, ""latitude"": 40.585936, ""longitude"": -111.969762, ""name"": ""Aligned Salt Lake (SLC-01)"", ""net_count"": 6, ""state"": ""UT"", ""status"": ""ok"", ""updated"": ""2025-09-26T22:53:55Z"", ""website"": ""https://www.aligneddc.com""}"
7874,no_ixp,"{""city"": ""Manassas"", ""country"": ""US"", ""id"": 7874, ""ix_count"": 0, ""latitude"": 38.754611, ""longitude"": -77.51326, ""name"": ""QTS Manassas (MAN1)"", ""net_count"": 1, ""state"": ""VA"", ""status"": ""ok"", ""updated"": ""2025-09-26T22:53:56Z"", ""website"": ""http://www.qtsdatacenters.com""}"
7938,no_ixp,"{""available_voltage_services"": [""480 VAC""], ""city"": ""Atlanta"", ""country"": ""US"", ""id"": 7938, ""ix_count"": 0, ""latitude"": 33.889646, ""longitude"": -84.465365, ""name"": ""Coloblox Data Centers ATL1"", ""net_count"": 12, ""state"": ""GA"", ""status"": ""ok"", ""updated"": ""2025-09-26T22:54:00Z"", ""website"": ""https://coloblox.com""}"
7985,no_ixp,"{""city"": ""Los Angeles"", ""country"": ""US"", ""id"": 7985, ""ix_count"": 0, ""latitude"": 34.05112, ""longitude"": -118.26591, ""name"": ""The Garland Center / West 7 Center"", ""net_count"": 8, ""state"": ""CA"", ""status"": ""ok"", ""updated"": ""2025-09-26T22:54:00Z"", ""website"": ""http://www.west7center.com/""}"
8021,no_ixp,"{""city"": ""Fairbanks"", ""country"": ""US"", ""id"": 8021, ""ix_count"": 0, ""latitude"": 64.851655, ""longitude"": -147.719813, ""name"": ""AlasConnect Data Center 1"", ""net_count"": 2, ""state"": ""AK"", ""status"": ""ok"", ""updated"": ""2025-09-26T22:54:04Z"", ""website"": ""https://www.alasconnect.com""}"
8025,no_ixp,"{""city"": ""Anchorage"", ""country"": ""US"", ""id"": 8025, ""ix_count"": 0, ""latitude"": 61.188879, ""longitude"": -149.912324, ""name"": ""AlasConnect Data Center 5"", ""net_count"": 1, ""state"": ""AK"", ""status"": ""ok"", ""updated"": ""2025-09-26T22:54:04Z"", ""website"": ""https://www.alasconnect.com""}"
8081,no_ixp,"{""city"": ""Garland"", ""country"": ""US"", ""id"": 8081, ""ix_count"": 0, ""latitude"": 32.983596, ""longitude"": -96.655836, ""name"": ""Stream Data Centers - DFW VII"", ""net_count"": 0, ""state"": ""TX"", ""status"": ""ok"", ""updated"": ""2025-09-26T22:54:08Z"", ""website"": ""https://www.streamdatacenters.com/""}"
8083,no_ixp,"{""city"": ""Chaska"", ""country"": ""US"", ""id"": 8083, ""ix_count"": 0, ""latitude"": 44.808431, ""longitude"": -93.636931, ""name"": ""Stream Data Centers - MN I"", ""net_count"": 0, ""state"": ""MN"", ""status"": ""ok"", ""updated"": ""2025-09-26T22:54:09Z"", ""website"": ""https://www.streamdatacenters.com/""}"
8087,no_ixp,"{""city"": ""Elk Grove Village"", ""country"": ""US"", ""id"": 8087, ""ix_count"": 0, ""latitude"": 42.002586, ""longitude"": -87.951707, ""name"": ""Stream Data Centers - Chicago I"", ""net_count"": 0, ""state"": ""IL"", ""status"": ""ok"", ""updated"": ""2025-09-26T22:54:10Z"", ""website"": ""https://www.streamdatacenters.com/""}"
8088,no_ixp,"{""city"": ""Goodyear"", ""country"": ""US"", ""id"": 8088, ""ix_count"": 0, ""latitude"": 33.419639, ""longitude"": -112.359487, ""name"": ""Stream Data Centers - Phoenix I"", ""net_count"": 1, ""state"": ""AZ"", ""status"": ""ok"", ""updated"": ""2026-08-31T21:31:39Z"", ""website"": ""https://www.streamdatacenters.com/""}"
8125,no_ixp,"{""city"": ""Pittsburgh"", ""country"": ""US"", ""id"": 8125, ""ix_count"": 0, ""latitude"": 40.438903, ""longitude"": -80.000547, ""name"": ""DQE Communications (Downtown Pittsburgh)"", ""net_count"": 6, ""state"": ""PA"", ""status"": ""ok"", ""updated"": ""2025-09-26T22:54:12Z"", ""website"": ""http://www.dqecom.com""}"
8126,no_ixp,"{""city"": ""Butler"", ""country"": ""US"", ""id"": 8126, ""ix_count"": 0, ""latitude"": 40.860587, ""longitude"": -79.907512, ""name"": ""DQE Communications (Butler)"", ""net_count"": 1, ""state"": ""PA"", ""status"": ""ok"", ""updated"": ""2025-09-26T22:54:13Z"", ""website"": ""http://www.dqecom.com""}"
8127,no_ixp,"{""city"": ""Pittsburgh"", ""country"": ""US"", ""id"": 8127, ""ix_count"": 0, ""latitude"": 40.451062, ""longitude"": -80.005186, ""name"": ""DQE Communications (Allegheny Center Mall)"", ""net_count"": 1, ""state"": ""PA"", ""status"": ""ok"", ""updated"": ""2025-09-26T22:54:13Z"", ""website"": ""http://www.dqecom.com""}"
8223,no_ixp,"{""city"": ""Colorado Springs"", ""country"": ""US"", ""id"": 8223, ""ix_count"": 0, ""latitude"": 38.832108, ""longitude"": -104.82403, ""name"": ""Data102 - COS01"", ""net_count"": 5, ""state"": ""CO"", ""status"": ""ok"", ""updated"": ""2025-09-26T22:54:20Z"", ""website"": ""https://www.data102.com""}"
8224,no_ixp,"{""city"": ""Colorado Springs"", ""country"": ""US"", ""id"": 8224, ""ix_count"": 0, ""latitude"": 38.832108, ""longitude"": -104.82403, ""name"": ""Data102 - COS02"", ""net_count"": 0, ""state"": ""CO"", ""status"": ""ok"", ""updated"": ""2025-09-26T22:54:20Z"", ""website"": ""https://www.data102.com""}"
8240,no_ixp,"{""city"": ""Tampa"", ""country"": ""US"", ""id"": 8240, ""ix_count"": 0, ""latitude"": 27.950136, ""longitude"": -82.456447, ""name"": ""Frontier Tampa Main Tandem Office"", ""net_count"": 0, ""state"": ""FL"", ""status"": ""ok"", ""updated"": ""2025-09-26T22:54:21Z"", ""website"": ""https://frontier.com/""}"
8281,no_ixp,"{""city"": ""Silver Spring"", ""country"": ""US"", ""id"": 8281, ""ix_count"": 0, ""latitude"": 39.058289, ""longitude"": -76.964548, ""name"": ""Agile Silver Spring"", ""net_count"": 0, ""state"": ""MD"", ""status"": ""ok"", ""updated"": ""2025-09-26T22:54:26Z"", ""website"": ""https://agiledatasites.com/""}"
8283,no_ixp,"{""city"": ""Aurora"", ""country"": ""US"", ""id"": 8283, ""ix_count"": 0, ""latitude"": 41.772203, ""longitude"": -88.217055, ""name"": ""Agile Aurora"", ""net_count"": 0, ""state"": ""IL"", ""status"": ""ok"", ""updated"": ""2025-09-26T22:54:27Z"", ""website"": ""https://agiledatasites.com/""}"
8315,no_ixp,"{""city"": ""College Station"", ""country"": ""US"", ""id"": 8315, ""ix_count"": 0, ""latitude"": 30.601412, ""longitude"": -96.2873, ""name"": ""Crosspoint Data College Station"", ""net_count"": 1, ""state"": ""TX"", ""status"": ""ok"", ""updated"": ""2025-09-26T22:54:29Z"", ""website"": ""https://www.crosspointdata.com/""}"
8319,no_ixp,"{""city"": ""Houston"", ""country"": ""US"", ""id"": 8319, ""ix_count"": 0, ""latitude"": 29.760061, ""longitude"": -95.362102, ""name"": ""Quasar Data Center"", ""net_count"": 7, ""state"": ""TX"", ""status"": ""ok"", ""updated"": ""2025-09-26T22:54:30Z"", ""website"": ""http://www.quasardata.com/""}"
8338,no_ixp,"{""city"": ""Marion"", ""country"": ""US"", ""id"": 8338, ""ix_count"": 0, ""latitude"": 42.052632, ""longitude"": -91.554004, ""name"": ""ark data centers - Cedar Rapids ,IA"", ""net_count"": 4, ""state"": ""IA"", ""status"": ""ok"", ""updated"": ""2025-09-26T22:54:32Z"", ""website"": ""https://www.arkdna.com""}"
8340,no_ixp,"{""city"": ""Ashburn"", ""country"": ""US"", ""id"": 8340, ""ix_count"": 0, ""latitude"": 39.015966, ""longitude"": -77.48158, ""name"": ""PhoenixNAP ASHBURN"", ""net_count"": 2, ""state"": ""VA"", ""status"": ""ok"", ""updated"": ""2025-09-26T22:54:32Z"", ""website"": ""https://www.phoenixnap.com""}"
8341,no_ixp,"{""city"": ""Marietta"", ""country"": ""US"", ""id"": 8341, ""ix_count"": 0, ""latitude"": 33.927915, ""longitude"": -84.481824, ""name"": ""PhoenixNAP ATLANTA"", ""net_count"": 1, ""state"": ""GA"", ""status"": ""ok"", ""updated"": ""2025-09-26T22:54:32Z"", ""website"": ""https://www.phoenixnap.com""}"
8411,no_ixp,"{""available_voltage_services"": [""480 VAC""], ""city"": ""Elk Grove Village"", ""country"": ""US"", ""id"": 8411, ""ix_count"": 0, ""latitude"": 42.023691, ""longitude"": -87.973753, ""name"": ""T5@Chicago"", ""net_count"": 0, ""state"": ""IL"", ""status"": ""ok"", ""updated"": ""2025-09-26T22:54:37Z"", ""website"": """"}"
8458,no_ixp,"{""city"": ""Carmel"", ""country"": ""US"", ""id"": 8458, ""ix_count"": 0, ""latitude"": 39.963184, ""longitude"": -86.145575, ""name"": ""Expedient Indianapolis"", ""net_count"": 7, ""state"": ""IN"", ""status"": ""ok"", ""updated"": ""2025-09-26T22:54:42Z"", ""website"": """"}"
8464,no_ixp,"{""city"": ""Cleveland"", ""country"": ""US"", ""id"": 8464, ""ix_count"": 0, ""latitude"": 41.428228, ""longitude"": -81.573952, ""name"": ""Expedient Cleveland - 151 NEO"", ""net_count"": 3, ""state"": ""OH"", ""status"": ""ok"", ""updated"": ""2025-09-26T22:54:42Z"", ""website"": """"}"
8468,no_ixp,"{""city"": ""Baltimore"", ""country"": ""US"", ""id"": 8468, ""ix_count"": 0, ""latitude"": 39.427117, ""longitude"": -76.811709, ""name"": ""Expedient Baltimore - Owings Mills"", ""net_count"": 1, ""state"": ""MD"", ""status"": ""ok"", ""updated"": ""2025-09-26T22:54:43Z"", ""website"": """"}"
8469,no_ixp,"{""city"": ""Medford"", ""country"": ""US"", ""id"": 8469, ""ix_count"": 0, ""latitude"": 42.405414, ""longitude"": -71.074978, ""name"": ""Expedient Boston"", ""net_count"": 1, ""state"": ""MA"", ""status"": ""ok"", ""updated"": ""2025-09-26T22:54:43Z"", ""website"": """"}"
8470,no_ixp,"{""city"": ""Cleveland"", ""country"": ""US"", ""id"": 8470, ""ix_count"": 0, ""latitude"": 41.429415, ""longitude"": -81.574072, ""name"": ""Expedient Cleveland - 152 NEO"", ""net_count"": 2, ""state"": ""OH"", ""status"": ""ok"", ""updated"": ""2025-09-26T22:54:43Z"", ""website"": """"}"
8471,no_ixp,"{""city"": ""Dublin"", ""country"": ""US"", ""id"": 8471, ""ix_count"": 0, ""latitude"": 40.091865, ""longitude"": -83.143709, ""name"": ""Expedient Columbus - Dublin"", ""net_count"": 4, ""state"": ""OH"", ""status"": ""ok"", ""updated"": ""2025-09-26T22:54:43Z"", ""website"": """"}"
8472,no_ixp,"{""city"": ""Upper Arlington"", ""country"": ""US"", ""id"": 8472, ""ix_count"": 0, ""latitude"": 40.057853, ""longitude"": -83.0785, ""name"": ""Expedient Columbus - Upper Arlington"", ""net_count"": 2, ""state"": ""OH"", ""status"": ""ok"", ""updated"": ""2025-09-26T22:54:44Z"", ""website"": """"}"
8473,no_ixp,"{""city"": ""Memphis"", ""country"": ""US"", ""id"": 8473, ""ix_count"": 0, ""latitude"": 35.062965, ""longitude"": -89.786143, ""name"": ""Expedient Memphis"", ""net_count"": 2, ""state"": ""TN"", ""status"": ""ok"", ""updated"": ""2025-09-26T22:54:44Z"", ""website"": """"}"
8474,no_ixp,"{""city"": ""Phoenix"", ""country"": ""US"", ""id"": 8474, ""ix_count"": 0, ""latitude"": 33.41601, ""longitude"": -112.009445, ""name"": ""Expedient Phoenix"", ""net_count"": 1, ""state"": ""AZ"", ""status"": ""ok"", ""updated"": ""2025-09-26T22:54:44Z"", ""website"": """"}"
8475,no_ixp,"{""city"": ""Pittsburgh"", ""country"": ""US"", ""id"": 8475, ""ix_count"": 0, ""latitude"": 40.451847, ""longitude"": -80.005856, ""name"": ""Expedient Pittsburgh - Nova Place"", ""net_count"": 2, ""state"": ""PA"", ""status"": ""ok"", ""updated"": ""2025-09-26T22:54:44Z"", ""website"": """"}"
8477,no_ixp,"{""city"": ""Pittsburgh"", ""country"": ""US"", ""id"": 8477, ""ix_count"": 0, ""latitude"": 40.42735, ""longitude"": -80.042457, ""name"": ""Expedient Pittsburgh - Green Tree"", ""net_count"": 1, ""state"": ""PA"", ""status"": ""ok"", ""updated"": ""2025-09-26T22:54:45Z"", ""website"": """"}"
8517,no_ixp,"{""city"": ""Commack"", ""country"": ""US"", ""id"": 8517, ""ix_count"": 0, ""latitude"": 40.822677, ""longitude"": -73.291647, ""name"": ""365 Data Centers Commack (CNY)"", ""net_count"": 1, ""state"": ""NY"", ""status"": ""ok"", ""updated"": ""2025-09-26T22:54:47Z"", ""website"": ""http://365datacenters.com""}"
8556,invalid_coordinates,"{""city"": ""Virginia Beach"", ""country"": ""US"", ""id"": 8556, ""ix_count"": 0, ""latitude"": null, ""longitude"": null, ""name"": ""Telxius Virginia Beach DC"", ""net_count"": 3, ""state"": """", ""status"": ""ok"", ""updated"": ""2025-09-26T22:54:50Z"", ""website"": ""https://telxius.com""}"
8566,no_ixp,"{""city"": ""Tampa"", ""country"": ""US"", ""id"": 8566, ""ix_count"": 0, ""latitude"": 27.947747, ""longitude"": -82.459056, ""name"": ""Cogent Tampa"", ""net_count"": 3, ""state"": ""FL"", ""status"": ""ok"", ""updated"": ""2025-09-26T22:54:50Z"", ""website"": ""http://www.cogentco.com""}"
8572,no_ixp,"{""city"": ""Salt Lake City"", ""country"": ""US"", ""id"": 8572, ""ix_count"": 0, ""latitude"": 40.711882, ""longitude"": -111.964741, ""name"": ""Senawave"", ""net_count"": 0, ""state"": ""UT"", ""status"": ""ok"", ""updated"": ""2025-09-26T22:54:51Z"", ""website"": """"}"
8583,no_ixp,"{""city"": ""Andover"", ""country"": ""US"", ""id"": 8583, ""ix_count"": 0, ""latitude"": 42.685693, ""longitude"": -71.208694, ""name"": ""TierPoint Boston - Andover"", ""net_count"": 2, ""state"": ""MA"", ""status"": ""ok"", ""updated"": ""2025-09-26T22:54:52Z"", ""website"": ""http://www.tierpoint.com""}"
8591,no_ixp,"{""city"": ""Tulsa"", ""country"": ""US"", ""id"": 8591, ""ix_count"": 0, ""latitude"": 36.096334, ""longitude"": -95.840438, ""name"": ""TierPoint Tulsa-State Farm"", ""net_count"": 6, ""state"": ""OK"", ""status"": ""ok"", ""updated"": ""2025-09-26T22:54:53Z"", ""website"": ""http://www.tierpoint.com""}"
8592,no_ixp,"{""city"": ""Lenexa"", ""country"": ""US"", ""id"": 8592, ""ix_count"": 0, ""latitude"": 38.940686, ""longitude"": -94.755003, ""name"": ""TierPoint Kansas City - Lenexa"", ""net_count"": 3, ""state"": ""KS"", ""status"": ""ok"", ""updated"": ""2025-09-26T22:54:53Z"", ""website"": ""http://www.tierpoint.com""}"
8593,no_ixp,"{""city"": ""Little Rock"", ""country"": ""US"", ""id"": 8593, ""ix_count"": 0, ""latitude"": 34.756041, ""longitude"": -92.444207, ""name"": ""TIerPoint Little Rock"", ""net_count"": 9, ""state"": ""AR"", ""status"": ""ok"", ""updated"": ""2025-09-26T22:54:54Z"", ""website"": ""http://www.tierpoint.com""}"
8594,no_ixp,"{""city"": ""Milwaukee"", ""country"": ""US"", ""id"": 8594, ""ix_count"": 0, ""latitude"": 43.009336, ""longitude"": -87.96114, ""name"": ""TierPoint Milwaukee"", ""net_count"": 1, ""state"": ""WI"", ""status"": ""ok"", ""updated"": ""2025-09-26T22:54:54Z"", ""website"": ""http://www.tierpoint.com""}"
8595,no_ixp,"{""city"": ""Oklahoma City"", ""country"": ""US"", ""id"": 8595, ""ix_count"": 0, ""latitude"": 35.514225, ""longitude"": -97.596767, ""name"": ""TierPoint Oklahoma City"", ""net_count"": 2, ""state"": ""OK"", ""status"": ""ok"", ""updated"": ""2025-09-26T22:54:54Z"", ""website"": ""http://www.tierpoint.com""}"
8598,no_ixp,"{""city"": ""Durham"", ""country"": ""US"", ""id"": 8598, ""ix_count"": 0, ""latitude"": 35.896667, ""longitude"": -78.878838, ""name"": ""TierPoint Research Triangle Park – RTP"", ""net_count"": 4, ""state"": ""NC"", ""status"": ""ok"", ""updated"": ""2026-07-09T04:38:10Z"", ""website"": ""http://www.tierpoint.com""}"
8600,no_ixp,"{""city"": ""Sioux Falls"", ""country"": ""US"", ""id"": 8600, ""ix_count"": 0, ""latitude"": 43.596146, ""longitude"": -96.716872, ""name"": ""TierPoint Sioux Falls - East"", ""net_count"": 2, ""state"": ""SD"", ""status"": ""ok"", ""updated"": ""2025-09-26T22:54:55Z"", ""website"": ""http://www.tierpoint.com""}"
8601,no_ixp,"{""city"": ""Sioux Falls"", ""country"": ""US"", ""id"": 8601, ""ix_count"": 0, ""latitude"": 43.606059, ""longitude"": -96.810208, ""name"": ""TierPoint Sioux Falls - West"", ""net_count"": 1, ""state"": ""SD"", ""status"": ""ok"", ""updated"": ""2025-09-26T22:54:55Z"", ""website"": ""http://www.tierpoint.com""}"
8602,no_ixp,"{""city"": ""Raleigh"", ""country"": ""US"", ""id"": 8602, ""ix_count"": 0, ""latitude"": 35.854381, ""longitude"": -78.597011, ""name"": ""TierPoint Raleigh"", ""net_count"": 2, ""state"": ""NC"", ""status"": ""ok"", ""updated"": ""2026-07-09T04:36:18Z"", ""website"": ""http://www.tierpoint.com""}"
8603,no_ixp,"{""city"": ""Waterbury"", ""country"": ""US"", ""id"": 8603, ""ix_count"": 0, ""latitude"": 41.554434, ""longitude"": -73.04122, ""name"": ""TierPoint Waterbury"", ""net_count"": 1, ""state"": ""CT"", ""status"": ""ok"", ""updated"": ""2025-09-26T22:54:55Z"", ""website"": ""http://www.tierpoint.com""}"
8721,no_ixp,"{""city"": ""Cleveland"", ""country"": ""US"", ""id"": 8721, ""ix_count"": 0, ""latitude"": 41.500806, ""longitude"": -81.683699, ""name"": ""BlueBridge Networks | Downtown Cleveland"", ""net_count"": 1, ""state"": ""OH"", ""status"": ""ok"", ""updated"": ""2025-09-26T22:55:02Z"", ""website"": ""https://www.bluebridgenetworks.com""}"
8722,no_ixp,"{""city"": ""Mayfield Heights"", ""country"": ""US"", ""id"": 8722, ""ix_count"": 0, ""latitude"": 41.505827, ""longitude"": -81.467108, ""name"": ""BlueBridge Networks | Mayfield Heights Data Center"", ""net_count"": 0, ""state"": ""OH"", ""status"": ""ok"", ""updated"": ""2026-07-22T04:10:19Z"", ""website"": ""https://www.bluebridgenetworks.com""}"
8727,no_ixp,"{""city"": ""San Francisco"", ""country"": ""US"", ""id"": 8727, ""ix_count"": 0, ""latitude"": 37.782608, ""longitude"": -122.391772, ""name"": ""Fortress SF1"", ""net_count"": 0, ""state"": ""CA"", ""status"": ""ok"", ""updated"": ""2025-09-26T22:55:02Z"", ""website"": ""https://www.fortressdc.com/""}"
8744,no_ixp,"{""city"": ""Secaucus"", ""country"": ""US"", ""id"": 8744, ""ix_count"": 0, ""latitude"": 40.78606, ""longitude"": -74.073757, ""name"": ""InterServer Teb2"", ""net_count"": 2, ""state"": ""NJ"", ""status"": ""ok"", ""updated"": ""2025-09-26T22:55:04Z"", ""website"": """"}"
8745,no_ixp,"{""city"": ""Secaucus"", ""country"": ""US"", ""id"": 8745, ""ix_count"": 0, ""latitude"": 40.785251, ""longitude"": -74.074991, ""name"": ""InterServer Teb4"", ""net_count"": 0, ""state"": ""NJ"", ""status"": ""ok"", ""updated"": ""2025-09-26T22:55:04Z"", ""website"": """"}"
8780,no_ixp,"{""city"": ""Ashburn"", ""country"": ""US"", ""id"": 8780, ""ix_count"": 0, ""latitude"": 39.016363, ""longitude"": -77.459022, ""name"": ""mindSHIFT Ashburn"", ""net_count"": 0, ""state"": ""VA"", ""status"": ""ok"", ""updated"": ""2025-09-26T22:55:06Z"", ""website"": """"}"
8781,no_ixp,"{""city"": ""Commack"", ""country"": ""US"", ""id"": 8781, ""ix_count"": 0, ""latitude"": 40.822677, ""longitude"": -73.291647, ""name"": ""mindSHIT Commack"", ""net_count"": 0, ""state"": ""NY"", ""status"": ""ok"", ""updated"": ""2025-09-26T22:55:07Z"", ""website"": """"}"
8782,no_ixp,"{""city"": ""Minneapolis"", ""country"": ""US"", ""id"": 8782, ""ix_count"": 0, ""latitude"": 44.971408, ""longitude"": -93.25458, ""name"": ""mindSHIFT Minneapolis"", ""net_count"": 0, ""state"": ""MN"", ""status"": ""ok"", ""updated"": ""2025-09-26T22:55:07Z"", ""website"": """"}"
8859,no_ixp,"{""city"": ""Ann Arbor"", ""country"": ""US"", ""id"": 8859, ""ix_count"": 0, ""latitude"": 42.241804, ""longitude"": -83.737636, ""name"": ""Synergy Fiber"", ""net_count"": 0, ""state"": ""MI"", ""status"": ""ok"", ""updated"": ""2025-09-26T22:55:10Z"", ""website"": """"}"
8861,no_ixp,"{""city"": ""Phoenix"", ""country"": ""US"", ""id"": 8861, ""ix_count"": 0, ""latitude"": 33.298287, ""longitude"": -112.053638, ""name"": ""INAP Phoenix"", ""net_count"": 2, ""state"": ""AZ"", ""status"": ""ok"", ""updated"": ""2025-09-26T22:55:10Z"", ""website"": ""http://www.inap.com""}"
8874,no_ixp,"{""city"": ""Albuquerque"", ""country"": ""US"", ""id"": 8874, ""ix_count"": 0, ""latitude"": 35.102314, ""longitude"": -106.589084, ""name"": ""Southwest Cyberport Albuquerque"", ""net_count"": 0, ""state"": ""NM"", ""status"": ""ok"", ""updated"": ""2025-09-26T22:55:14Z"", ""website"": """"}"
8929,no_ixp,"{""city"": ""Elk Grove"", ""country"": ""US"", ""id"": 8929, ""ix_count"": 0, ""latitude"": 41.99418, ""longitude"": -87.957678, ""name"": ""Digital Realty CH2 - Chicago"", ""net_count"": 0, ""state"": ""IL"", ""status"": ""ok"", ""updated"": ""2026-07-23T06:44:35Z"", ""website"": ""https://www.digitalrealty.com""}"
9085,no_ixp,"{""city"": ""Miami"", ""country"": ""US"", ""id"": 9085, ""ix_count"": 0, ""latitude"": 26.405641, ""longitude"": -80.114041, ""name"": ""Telxius Boca Raton DC"", ""net_count"": 3, ""state"": """", ""status"": ""ok"", ""updated"": ""2025-09-26T22:55:30Z"", ""website"": ""https://telxius.com""}"
9086,invalid_coordinates,"{""city"": ""San Juan Puerto Rico"", ""country"": ""US"", ""id"": 9086, ""ix_count"": 1, ""latitude"": null, ""longitude"": null, ""name"": ""Telxius San Juan DC"", ""net_count"": 11, ""state"": ""PR"", ""status"": ""ok"", ""updated"": ""2025-09-26T22:55:30Z"", ""website"": ""https://telxius.com""}"
9129,no_ixp,"{""available_voltage_services"": [""48 VDC""], ""city"": ""Gretna"", ""country"": ""US"", ""id"": 9129, ""ix_count"": 0, ""latitude"": 29.901419, ""longitude"": -90.041661, ""name"": ""NOLA BROADBAND"", ""net_count"": 4, ""state"": """", ""status"": ""ok"", ""updated"": ""2025-09-26T22:55:33Z"", ""website"": ""https://nolabroadband.com""}"
9309,no_ixp,"{""city"": ""South Bend"", ""country"": ""US"", ""id"": 9309, ""ix_count"": 0, ""latitude"": 41.661423, ""longitude"": -86.257342, ""name"": ""Aunalytics South Bend Datacenter (AUSB)"", ""net_count"": 3, ""state"": ""IN"", ""status"": ""ok"", ""updated"": ""2025-09-26T22:55:44Z"", ""website"": ""http://www.aunalytics.com""}"
9360,no_ixp,"{""city"": ""Tulsa"", ""country"": ""US"", ""id"": 9360, ""ix_count"": 0, ""latitude"": 36.151937, ""longitude"": -95.984342, ""name"": ""Jackson Technical Datacenter"", ""net_count"": 1, ""state"": ""OK"", ""status"": ""ok"", ""updated"": ""2025-09-26T22:55:46Z"", ""website"": ""https://www.jacksontechnical.com""}"
9398,no_ixp,"{""city"": ""Linthicum Heights"", ""country"": ""US"", ""id"": 9398, ""ix_count"": 0, ""latitude"": 39.213809, ""longitude"": -76.679891, ""name"": ""TunBroker Baltimore"", ""net_count"": 0, ""state"": ""MD"", ""status"": ""ok"", ""updated"": ""2025-09-26T22:55:48Z"", ""website"": """"}"
9403,no_ixp,"{""city"": ""Southfield"", ""country"": ""US"", ""id"": 9403, ""ix_count"": 0, ""latitude"": 42.466862, ""longitude"": -83.234666, ""name"": ""123.NET - DC3 - 24245 Northwestern Hwy."", ""net_count"": 9, ""state"": ""MI"", ""status"": ""ok"", ""updated"": ""2025-09-26T22:55:49Z"", ""website"": ""https://www.123.net""}"
9537,no_ixp,"{""city"": ""Providence"", ""country"": ""US"", ""id"": 9537, ""ix_count"": 0, ""latitude"": 41.81764, ""longitude"": -71.423806, ""name"": ""Prov.net 935"", ""net_count"": 0, ""state"": ""RI"", ""status"": ""ok"", ""updated"": ""2025-09-26T22:55:56Z"", ""website"": ""http://www.prov.net""}"
9699,no_ixp,"{""city"": ""Canton"", ""country"": ""US"", ""id"": 9699, ""ix_count"": 0, ""latitude"": 40.832529, ""longitude"": -81.431933, ""name"": ""SecureData 365"", ""net_count"": 0, ""state"": ""OH"", ""status"": ""ok"", ""updated"": ""2025-09-26T22:56:09Z"", ""website"": ""http://www.securedata365.com""}"
9738,no_ixp,"{""city"": ""Boca Raton"", ""country"": ""US"", ""id"": 9738, ""ix_count"": 0, ""latitude"": 26.344915, ""longitude"": -80.08815, ""name"": ""Globenet Boca Raton CLS"", ""net_count"": 2, ""state"": ""FL"", ""status"": ""ok"", ""updated"": ""2025-09-26T22:56:14Z"", ""website"": ""http://www.vtal.com""}"
9773,no_ixp,"{""city"": ""Romoland"", ""country"": ""US"", ""id"": 9773, ""ix_count"": 0, ""latitude"": 33.74821, ""longitude"": -117.152165, ""name"": ""AISO Data Center"", ""net_count"": 1, ""state"": ""CA"", ""status"": ""ok"", ""updated"": ""2025-09-26T22:56:19Z"", ""website"": ""https://www.aiso.net""}"
9845,no_ixp,"{""city"": ""Des Moines"", ""country"": ""US"", ""id"": 9845, ""ix_count"": 0, ""latitude"": 41.585529, ""longitude"": -93.625422, ""name"": ""Connect Des Moines"", ""net_count"": 10, ""state"": ""IA"", ""status"": ""ok"", ""updated"": ""2025-09-26T22:56:23Z"", ""website"": ""https://connectdsm.com""}"
9853,no_ixp,"{""city"": ""Cleveland"", ""country"": ""US"", ""id"": 9853, ""ix_count"": 0, ""latitude"": 41.440122, ""longitude"": -81.80254, ""name"": ""T5@Cleveland"", ""net_count"": 0, ""state"": ""OH"", ""status"": ""ok"", ""updated"": ""2025-09-26T22:56:24Z"", ""website"": """"}"
9854,no_ixp,"{""city"": ""Cincinnati"", ""country"": ""US"", ""id"": 9854, ""ix_count"": 0, ""latitude"": 39.10585, ""longitude"": -84.536559, ""name"": ""T5@Cincinnati"", ""net_count"": 0, ""state"": ""OH"", ""status"": ""ok"", ""updated"": ""2025-09-26T22:56:24Z"", ""website"": """"}"
9855,no_ixp,"{""city"": ""Minneapolis"", ""country"": ""US"", ""id"": 9855, ""ix_count"": 0, ""latitude"": 44.971526, ""longitude"": -93.270339, ""name"": ""T5@Minneapolis"", ""net_count"": 0, ""state"": ""MN"", ""status"": ""ok"", ""updated"": ""2025-09-26T22:56:25Z"", ""website"": """"}"
9856,no_ixp,"{""city"": ""Chantilly"", ""country"": ""US"", ""id"": 9856, ""ix_count"": 0, ""latitude"": 38.905944, ""longitude"": -77.469017, ""name"": ""4120 Lafayette Center Drive"", ""net_count"": 0, ""state"": ""VA"", ""status"": ""ok"", ""updated"": ""2025-09-26T22:56:25Z"", ""website"": ""https://legacyinvesting.com/""}"
9900,no_ixp,"{""city"": ""Tampa"", ""country"": ""US"", ""id"": 9900, ""ix_count"": 0, ""latitude"": 27.948986, ""longitude"": -82.457025, ""name"": ""AceHost Tampa"", ""net_count"": 3, ""state"": ""FL"", ""status"": ""ok"", ""updated"": ""2025-09-26T22:56:28Z"", ""website"": ""https://acehost.com/""}"
9918,no_ixp,"{""city"": ""South Charleston"", ""country"": ""US"", ""id"": 9918, ""ix_count"": 0, ""latitude"": 38.353059, ""longitude"": -81.696117, ""name"": ""Alpha Technologies DC1"", ""net_count"": 6, ""state"": ""WV"", ""status"": ""ok"", ""updated"": ""2025-09-26T22:56:29Z"", ""website"": ""http://www.alpha-tech.us""}"
9925,no_ixp,"{""city"": ""Reading"", ""country"": ""US"", ""id"": 9925, ""ix_count"": 0, ""latitude"": 40.381319, ""longitude"": -75.982026, ""name"": ""Direct LTx Reading"", ""net_count"": 1, ""state"": ""PA"", ""status"": ""ok"", ""updated"": ""2025-09-26T22:56:29Z"", ""website"": """"}"
10103,no_ixp,"{""city"": ""Kansas City"", ""country"": ""US"", ""id"": 10103, ""ix_count"": 0, ""latitude"": 39.295603, ""longitude"": -94.67394, ""name"": ""Lincoln Rackhouse Kansas City"", ""net_count"": 0, ""state"": ""MO"", ""status"": ""ok"", ""updated"": ""2025-09-26T22:56:32Z"", ""website"": ""http://rackhouse.com""}"
10104,no_ixp,"{""city"": ""Dunwoody"", ""country"": ""US"", ""id"": 10104, ""ix_count"": 0, ""latitude"": 33.92663, ""longitude"": -84.326708, ""name"": ""Lincoln Rackhouse Atlanta"", ""net_count"": 0, ""state"": ""GA"", ""status"": ""ok"", ""updated"": ""2025-09-26T22:56:32Z"", ""website"": ""http://rackhouse.com""}"
10149,no_ixp,"{""city"": ""Lackawanna"", ""country"": ""US"", ""id"": 10149, ""ix_count"": 0, ""latitude"": 42.82652, ""longitude"": -78.821501, ""name"": ""Victory Technology Center"", ""net_count"": 2, ""state"": ""NY"", ""status"": ""ok"", ""updated"": ""2025-09-26T22:56:34Z"", ""website"": ""https://victorytechcenter.org/about/""}"
10202,no_ixp,"{""available_voltage_services"": [""480 VAC""], ""city"": ""Jesup"", ""country"": ""US"", ""id"": 10202, ""ix_count"": 0, ""latitude"": 42.471271, ""longitude"": -92.054083, ""name"": ""Heartland Technology Data Center"", ""net_count"": 0, ""state"": ""IA"", ""status"": ""ok"", ""updated"": ""2025-09-26T22:56:35Z"", ""website"": ""https://heartlandtechnology.com/data-center/""}"
10349,no_ixp,"{""city"": ""Bridgewater Township"", ""country"": ""US"", ""id"": 10349, ""ix_count"": 0, ""latitude"": 40.58144, ""longitude"": -74.573881, ""name"": ""365 Data Centers New Jersey (NJ1)"", ""net_count"": 3, ""state"": ""NJ"", ""status"": ""ok"", ""updated"": ""2025-09-26T22:56:41Z"", ""website"": ""http://365datacenters.com""}"
10415,no_ixp,"{""city"": ""Beloit"", ""country"": ""US"", ""id"": 10415, ""ix_count"": 0, ""latitude"": 39.459519, ""longitude"": -98.110625, ""name"": ""Beloit-NOC"", ""net_count"": 0, ""state"": ""KS"", ""status"": ""ok"", ""updated"": ""2025-09-26T22:56:43Z"", ""website"": ""https://www.nckcn.com""}"
10444,no_ixp,"{""city"": ""Stamford"", ""country"": ""US"", ""id"": 10444, ""ix_count"": 0, ""latitude"": 41.058085, ""longitude"": -73.542936, ""name"": ""Cloudpath CT2 (1351 Washington Blvd)"", ""net_count"": 1, ""state"": ""CT"", ""status"": ""ok"", ""updated"": ""2025-09-26T22:56:44Z"", ""website"": ""http://www.cloudpath.com""}"
10445,no_ixp,"{""city"": ""Stamford"", ""country"": ""US"", ""id"": 10445, ""ix_count"": 0, ""latitude"": 41.054701, ""longitude"": -73.537277, ""name"": ""Cloudpath CT19 (5 Landmark Sq)"", ""net_count"": 2, ""state"": ""CT"", ""status"": ""ok"", ""updated"": ""2025-09-26T22:56:45Z"", ""website"": ""http://www.cloudpath.com""}"
10473,no_ixp,"{""city"": ""Boca Raton"", ""country"": ""US"", ""id"": 10473, ""ix_count"": 0, ""latitude"": 26.392805, ""longitude"": -80.109732, ""name"": ""Cogent Boca Raton"", ""net_count"": 2, ""state"": ""FL"", ""status"": ""ok"", ""updated"": ""2025-09-26T22:56:46Z"", ""website"": ""http://www.cogentco.com""}"
10474,no_ixp,"{""city"": ""Waltham"", ""country"": ""US"", ""id"": 10474, ""ix_count"": 0, ""latitude"": 42.393191, ""longitude"": -71.255728, ""name"": ""Cogent Boston"", ""net_count"": 0, ""state"": ""MA"", ""status"": ""ok"", ""updated"": ""2025-09-26T22:56:46Z"", ""website"": ""http://www.cogentco.com""}"
10476,no_ixp,"{""city"": ""Chicago"", ""country"": ""US"", ""id"": 10476, ""ix_count"": 0, ""latitude"": 41.878465, ""longitude"": -87.634525, ""name"": ""Cogent Chicago 1"", ""net_count"": 0, ""state"": ""IL"", ""status"": ""ok"", ""updated"": ""2025-09-26T22:56:47Z"", ""website"": ""http://www.cogentco.com""}"
10477,no_ixp,"{""city"": ""Chicago"", ""country"": ""US"", ""id"": 10477, ""ix_count"": 0, ""latitude"": 41.886487, ""longitude"": -87.632145, ""name"": ""Cogent Chicago 2"", ""net_count"": 0, ""state"": ""IL"", ""status"": ""ok"", ""updated"": ""2025-09-26T22:56:47Z"", ""website"": ""http://www.cogentco.com""}"
10478,no_ixp,"{""city"": ""Cleveland"", ""country"": ""US"", ""id"": 10478, ""ix_count"": 0, ""latitude"": 41.501689, ""longitude"": -81.680462, ""name"": ""Cogent Cleveland"", ""net_count"": 0, ""state"": ""OH"", ""status"": ""ok"", ""updated"": ""2025-09-26T22:56:47Z"", ""website"": ""http://www.cogentco.com""}"
10479,no_ixp,"{""city"": ""Columbus"", ""country"": ""US"", ""id"": 10479, ""ix_count"": 0, ""latitude"": 39.968136, ""longitude"": -82.995596, ""name"": ""Cogent Columbus"", ""net_count"": 0, ""state"": ""OH"", ""status"": ""ok"", ""updated"": ""2025-09-26T22:56:47Z"", ""website"": ""http://www.cogentco.com""}"
10496,invalid_coordinates,"{""city"": ""Hammond"", ""country"": ""US"", ""id"": 10496, ""ix_count"": 0, ""latitude"": null, ""longitude"": null, ""name"": ""Digital Crossroad DX-1"", ""net_count"": 2, ""state"": ""IN"", ""status"": ""ok"", ""updated"": ""2025-09-26T22:56:48Z"", ""website"": ""https://digitalcrossroad.com/data-centers""}"
10547,no_ixp,"{""city"": ""San Diego"", ""country"": ""US"", ""id"": 10547, ""ix_count"": 0, ""latitude"": 32.829836, ""longitude"": -117.134159, ""name"": ""Fiber Alley 8915"", ""net_count"": 0, ""state"": ""CA"", ""status"": ""ok"", ""updated"": ""2025-09-26T22:56:49Z"", ""website"": ""https://www.fiberalley.com/""}"
10548,no_ixp,"{""city"": ""San Diego"", ""country"": ""US"", ""id"": 10548, ""ix_count"": 0, ""latitude"": 32.829836, ""longitude"": -117.134159, ""name"": ""Fiber Alley 8917"", ""net_count"": 0, ""state"": ""CA"", ""status"": ""ok"", ""updated"": ""2025-09-26T22:56:49Z"", ""website"": ""https://www.fiberalley.com/""}"
10564,no_ixp,"{""available_voltage_services"": [""480 VAC""], ""city"": ""Lincoln"", ""country"": ""US"", ""id"": 10564, ""ix_count"": 0, ""latitude"": 40.812034, ""longitude"": -96.702272, ""name"": ""Lincoln Data Centers"", ""net_count"": 7, ""state"": ""NE"", ""status"": ""ok"", ""updated"": ""2025-09-26T22:56:51Z"", ""website"": ""http://www.binary.net""}"
10565,no_ixp,"{""city"": ""Lincoln"", ""country"": ""US"", ""id"": 10565, ""ix_count"": 0, ""latitude"": 40.812702, ""longitude"": -96.70235, ""name"": ""Binary Net Vault"", ""net_count"": 4, ""state"": ""NE"", ""status"": ""ok"", ""updated"": ""2025-09-26T22:56:51Z"", ""website"": ""http://www.binary.net""}"
10623,no_ixp,"{""city"": ""Elk Grove Village"", ""country"": ""US"", ""id"": 10623, ""ix_count"": 0, ""latitude"": 41.999144, ""longitude"": -87.958291, ""name"": ""Stream Data Centers - Chicago II"", ""net_count"": 0, ""state"": ""IL"", ""status"": ""ok"", ""updated"": ""2026-08-31T21:31:28Z"", ""website"": ""https://www.streamdatacenters.com/""}"
10766,no_ixp,"{""city"": ""Orangeburg"", ""country"": ""US"", ""id"": 10766, ""ix_count"": 0, ""latitude"": 41.034512, ""longitude"": -73.97584, ""name"": ""ColoHouse New York"", ""net_count"": 3, ""state"": ""NY"", ""status"": ""ok"", ""updated"": ""2025-09-26T22:57:00Z"", ""website"": """"}"
10791,no_ixp,"{""city"": ""North Liberty"", ""country"": ""US"", ""id"": 10791, ""ix_count"": 0, ""latitude"": 41.756979, ""longitude"": -91.596653, ""name"": ""DartPoints North Liberty, IA"", ""net_count"": 0, ""state"": ""IA"", ""status"": ""ok"", ""updated"": ""2025-09-26T22:57:01Z"", ""website"": ""https://dartpoints.com/""}"
10829,no_ixp,"{""city"": ""Andover"", ""country"": ""US"", ""id"": 10829, ""ix_count"": 0, ""latitude"": 42.696486, ""longitude"": -71.211131, ""name"": ""Navisite Andover"", ""net_count"": 1, ""state"": ""MA"", ""status"": ""ok"", ""updated"": ""2025-09-26T22:57:03Z"", ""website"": ""https://www.navisite.com""}"
10830,no_ixp,"{""city"": ""Santa Clara"", ""country"": ""US"", ""id"": 10830, ""ix_count"": 0, ""latitude"": 37.37289, ""longitude"": -121.948022, ""name"": ""Navisite Santa Clara"", ""net_count"": 0, ""state"": ""CA"", ""status"": ""ok"", ""updated"": ""2025-09-26T22:57:03Z"", ""website"": ""https://www.navisite.com""}"
10862,no_ixp,"{""city"": ""Orangeburg"", ""country"": ""US"", ""id"": 10862, ""ix_count"": 0, ""latitude"": 41.034512, ""longitude"": -73.97584, ""name"": ""ORNY1"", ""net_count"": 0, ""state"": ""NY"", ""status"": ""ok"", ""updated"": ""2026-02-16T15:59:13Z"", ""website"": ""https://www.1547realty.com""}"
10864,no_ixp,"{""city"": ""Philadelphia"", ""country"": ""US"", ""id"": 10864, ""ix_count"": 0, ""latitude"": 39.959612, ""longitude"": -75.161014, ""name"": ""Sungard AS Philadelphia"", ""net_count"": 1, ""state"": ""PA"", ""status"": ""ok"", ""updated"": ""2025-09-26T22:57:07Z"", ""website"": ""https://www.sungardas.com/""}"
10866,no_ixp,"{""city"": ""Carlstadt"", ""country"": ""US"", ""id"": 10866, ""ix_count"": 0, ""latitude"": 40.828282, ""longitude"": -74.044333, ""name"": ""Sungard AS Carlstadt 777"", ""net_count"": 1, ""state"": ""NJ"", ""status"": ""ok"", ""updated"": ""2025-09-26T22:57:07Z"", ""website"": ""https://www.sungardas.com/""}"
10869,no_ixp,"{""city"": ""Montgomery"", ""country"": ""US"", ""id"": 10869, ""ix_count"": 0, ""latitude"": 30.377702, ""longitude"": -95.668803, ""name"": ""Houston Bunker"", ""net_count"": 5, ""state"": ""TX"", ""status"": ""ok"", ""updated"": ""2025-09-26T22:57:07Z"", ""website"": ""https://www.houstonbunker.com/""}"
10910,no_ixp,"{""city"": ""San Diego"", ""country"": ""US"", ""id"": 10910, ""ix_count"": 0, ""latitude"": 32.988781, ""longitude"": -117.073181, ""name"": ""DataBank San Diego (SAN1)"", ""net_count"": 3, ""state"": ""CA"", ""status"": ""ok"", ""updated"": ""2025-09-26T22:57:10Z"", ""website"": ""http://www.databank.com""}"
10917,no_ixp,"{""city"": ""Pittsburgh"", ""country"": ""US"", ""id"": 10917, ""ix_count"": 0, ""latitude"": 40.451321, ""longitude"": -80.190035, ""name"": ""DataBank Pittsburgh (PIT2)"", ""net_count"": 1, ""state"": ""PA"", ""status"": ""ok"", ""updated"": ""2025-09-26T22:57:11Z"", ""website"": ""http://www.databank.com""}"
10918,no_ixp,"{""city"": ""Chicago"", ""country"": ""US"", ""id"": 10918, ""ix_count"": 0, ""latitude"": 41.870906, ""longitude"": -87.640153, ""name"": ""DataBank Chicago (ORD2)"", ""net_count"": 2, ""state"": ""IL"", ""status"": ""ok"", ""updated"": ""2025-09-26T22:57:11Z"", ""website"": ""http://www.databank.com""}"
10920,no_ixp,"{""city"": ""Denver"", ""country"": ""US"", ""id"": 10920, ""ix_count"": 0, ""latitude"": 39.74576, ""longitude"": -104.994518, ""name"": ""DataBank Denver (DEN3)"", ""net_count"": 4, ""state"": ""CO"", ""status"": ""ok"", ""updated"": ""2025-09-26T22:57:12Z"", ""website"": ""http://www.databank.com""}"
10921,no_ixp,"{""city"": ""Westminster"", ""country"": ""US"", ""id"": 10921, ""ix_count"": 0, ""latitude"": 39.884552, ""longitude"": -105.080128, ""name"": ""DataBank Denver (DEN4)"", ""net_count"": 1, ""state"": ""CO"", ""status"": ""ok"", ""updated"": ""2025-09-26T22:57:12Z"", ""website"": ""http://www.databank.com""}"
10922,no_ixp,"{""city"": ""Piscataway"", ""country"": ""US"", ""id"": 10922, ""ix_count"": 0, ""latitude"": 40.549247, ""longitude"": -74.458241, ""name"": ""DataBank Piscataway (EWR2)"", ""net_count"": 2, ""state"": ""NJ"", ""status"": ""ok"", ""updated"": ""2025-09-26T22:57:13Z"", ""website"": ""http://www.databank.com""}"
10923,no_ixp,"{""city"": ""Dallas"", ""country"": ""US"", ""id"": 10923, ""ix_count"": 0, ""latitude"": 32.821596, ""longitude"": -96.873457, ""name"": ""DataBank Dallas (DFW4)"", ""net_count"": 2, ""state"": ""TX"", ""status"": ""ok"", ""updated"": ""2025-09-26T22:57:13Z"", ""website"": ""http://www.databank.com""}"
10924,no_ixp,"{""city"": ""Dallas"", ""country"": ""US"", ""id"": 10924, ""ix_count"": 0, ""latitude"": 32.922798, ""longitude"": -96.791315, ""name"": ""DataBank Dallas (DFW7)"", ""net_count"": 2, ""state"": ""TX"", ""status"": ""ok"", ""updated"": ""2025-09-26T22:57:13Z"", ""website"": ""http://www.databank.com""}"
10925,no_ixp,"{""city"": ""Austin"", ""country"": ""US"", ""id"": 10925, ""ix_count"": 0, ""latitude"": 30.436287, ""longitude"": -97.763776, ""name"": ""DataBank Austin (AUS1)"", ""net_count"": 4, ""state"": ""TX"", ""status"": ""ok"", ""updated"": ""2025-09-26T22:57:14Z"", ""website"": ""http://www.databank.com""}"
10926,no_ixp,"{""city"": ""Waco"", ""country"": ""US"", ""id"": 10926, ""ix_count"": 0, ""latitude"": 31.55495, ""longitude"": -97.13324, ""name"": ""DataBank Waco (ACT1)"", ""net_count"": 1, ""state"": ""TX"", ""status"": ""ok"", ""updated"": ""2025-09-26T22:57:14Z"", ""website"": ""http://www.databank.com""}"
10927,no_ixp,"{""city"": ""Lenexa"", ""country"": ""US"", ""id"": 10927, ""ix_count"": 0, ""latitude"": 38.92519, ""longitude"": -94.77028, ""name"": ""DataBank Kansas City (MCI3)"", ""net_count"": 4, ""state"": ""KS"", ""status"": ""ok"", ""updated"": ""2025-09-26T22:57:14Z"", ""website"": ""http://www.databank.com""}"
10930,no_ixp,"{""city"": ""Indianapolis"", ""country"": ""US"", ""id"": 10930, ""ix_count"": 0, ""latitude"": 39.760096, ""longitude"": -86.170486, ""name"": ""DataBank Indianapolis (IND2)"", ""net_count"": 2, ""state"": ""IN"", ""status"": ""ok"", ""updated"": ""2025-09-26T22:57:15Z"", ""website"": ""http://www.databank.com""}"
10931,no_ixp,"{""city"": ""Santa Clara"", ""country"": ""US"", ""id"": 10931, ""ix_count"": 0, ""latitude"": 37.407382, ""longitude"": -121.965885, ""name"": ""DataBank Santa Clara (SFO1)"", ""net_count"": 3, ""state"": ""CA"", ""status"": ""ok"", ""updated"": ""2025-09-26T22:57:15Z"", ""website"": ""http://www.databank.com""}"
10934,no_ixp,"{""city"": ""Phoenix"", ""country"": ""US"", ""id"": 10934, ""ix_count"": 0, ""latitude"": 33.483936, ""longitude"": -112.0767, ""name"": ""DataBank Phoenix (PHX1)"", ""net_count"": 3, ""state"": ""AZ"", ""status"": ""ok"", ""updated"": ""2025-09-26T22:57:16Z"", ""website"": ""http://www.databank.com""}"
10935,no_ixp,"{""city"": ""Phoenix"", ""country"": ""US"", ""id"": 10935, ""ix_count"": 0, ""latitude"": 33.454431, ""longitude"": -111.975724, ""name"": ""DataBank Phoenix (PHX2)"", ""net_count"": 0, ""state"": ""AZ"", ""status"": ""ok"", ""updated"": ""2025-09-26T22:57:16Z"", ""website"": ""http://www.databank.com""}"
10960,no_ixp,"{""city"": ""Winter Haven"", ""country"": ""US"", ""id"": 10960, ""ix_count"": 0, ""latitude"": 28.024126, ""longitude"": -81.728175, ""name"": ""ACW Winter Haven"", ""net_count"": 0, ""state"": ""FL"", ""status"": ""ok"", ""updated"": ""2025-09-26T22:57:18Z"", ""website"": """"}"
11008,no_ixp,"{""city"": ""San Diego"", ""country"": ""US"", ""id"": 11008, ""ix_count"": 0, ""latitude"": 32.838205, ""longitude"": -117.133185, ""name"": ""ScaleMatrix San Diego Data Center US-West 01"", ""net_count"": 3, ""state"": ""CA"", ""status"": ""ok"", ""updated"": ""2025-09-26T22:57:23Z"", ""website"": ""https://www.scalematrix.com""}"
11009,no_ixp,"{""city"": ""Allen"", ""country"": ""US"", ""id"": 11009, ""ix_count"": 0, ""latitude"": 33.138618, ""longitude"": -96.657387, ""name"": ""ScaleMatrix Dallas Data Center US-South 01"", ""net_count"": 1, ""state"": ""TX"", ""status"": ""ok"", ""updated"": ""2025-09-26T22:57:23Z"", ""website"": ""https://www.scalematrix.com""}"
11010,no_ixp,"{""city"": ""Puyallup"", ""country"": ""US"", ""id"": 11010, ""ix_count"": 0, ""latitude"": 47.154858, ""longitude"": -122.279018, ""name"": ""ScaleMatrix Seattle Data Center US-West 02"", ""net_count"": 0, ""state"": ""WA"", ""status"": ""ok"", ""updated"": ""2025-09-26T22:57:24Z"", ""website"": ""https://www.scalematrix.com""}"
11011,no_ixp,"{""city"": ""Jacksonville"", ""country"": ""US"", ""id"": 11011, ""ix_count"": 0, ""latitude"": 30.216445, ""longitude"": -81.582092, ""name"": ""ScaleMatrix Jacksonville Data Center US-South 02"", ""net_count"": 0, ""state"": ""FL"", ""status"": ""ok"", ""updated"": ""2025-09-26T22:57:24Z"", ""website"": ""https://www.scalematrix.com""}"
11255,no_ixp,"{""available_voltage_services"": [""48 VDC""], ""city"": ""Fort Walton Beach"", ""country"": ""US"", ""id"": 11255, ""ix_count"": 0, ""latitude"": 30.411196, ""longitude"": -86.612424, ""name"": ""BluBroadband Shell Ave"", ""net_count"": 1, ""state"": ""FL"", ""status"": ""ok"", ""updated"": ""2025-09-26T22:57:42Z"", ""website"": ""https://www.blubroadband.com""}"
11363,no_ixp,"{""available_voltage_services"": [""480 VAC""], ""city"": ""Bethlehem"", ""country"": ""US"", ""id"": 11363, ""ix_count"": 0, ""latitude"": 40.670346, ""longitude"": -75.37493, ""name"": ""TierPoint Bethlehem"", ""net_count"": 2, ""state"": ""PA"", ""status"": ""ok"", ""updated"": ""2025-09-26T22:57:50Z"", ""website"": ""http://www.tierpoint.com""}"
11364,no_ixp,"{""city"": ""Marlborough"", ""country"": ""US"", ""id"": 11364, ""ix_count"": 0, ""latitude"": 42.312902, ""longitude"": -71.579257, ""name"": ""TierPoint Boston - Marlborough"", ""net_count"": 2, ""state"": ""MA"", ""status"": ""ok"", ""updated"": ""2025-09-26T22:57:50Z"", ""website"": ""http://www.tierpoint.com""}"
11366,no_ixp,"{""city"": ""Maryland Heights"", ""country"": ""US"", ""id"": 11366, ""ix_count"": 0, ""latitude"": 38.698612, ""longitude"": -90.411954, ""name"": ""TierPoint St. Louis – Millpark"", ""net_count"": 2, ""state"": ""MO"", ""status"": ""ok"", ""updated"": ""2025-09-26T22:57:50Z"", ""website"": ""http://www.tierpoint.com""}"
11370,no_ixp,"{""city"": ""Rapid City"", ""country"": ""US"", ""id"": 11370, ""ix_count"": 0, ""latitude"": 44.047645, ""longitude"": -103.244187, ""name"": ""Golden West Rapid City Skyline Facility"", ""net_count"": 3, ""state"": ""SD"", ""status"": ""ok"", ""updated"": ""2025-09-26T22:57:51Z"", ""website"": ""https://www.goldenwest.com""}"
11380,no_ixp,"{""available_voltage_services"": [""48 VDC"", ""480 VAC""], ""city"": ""Reno"", ""country"": ""US"", ""id"": 11380, ""ix_count"": 0, ""latitude"": 39.522999, ""longitude"": -119.811358, ""name"": ""CENTRA RNO01 - Reno Nevada (200 S. Virginia)"", ""net_count"": 4, ""state"": ""NV"", ""status"": ""ok"", ""updated"": ""2025-09-26T22:57:51Z"", ""website"": ""https://centradigital.com""}"
11429,no_ixp,"{""city"": ""Lenexa"", ""country"": ""US"", ""id"": 11429, ""ix_count"": 0, ""latitude"": 38.95187, ""longitude"": -94.789552, ""name"": ""LightEdge Kansas City Cavern (KCI2)"", ""net_count"": 3, ""state"": ""KS"", ""status"": ""ok"", ""updated"": ""2025-09-26T22:57:53Z"", ""website"": ""http://www.lightedge.com/""}"
11497,no_ixp,"{""city"": ""Westmont"", ""country"": ""US"", ""id"": 11497, ""ix_count"": 0, ""latitude"": 41.812598, ""longitude"": -87.972834, ""name"": ""Equinix CH7 - Westmont"", ""net_count"": 3, ""state"": ""IL"", ""status"": ""ok"", ""updated"": ""2025-09-26T22:57:58Z"", ""website"": ""http://www.equinix.com""}"
11523,no_ixp,"{""city"": ""Cincinnati"", ""country"": ""US"", ""id"": 11523, ""ix_count"": 0, ""latitude"": 39.105851, ""longitude"": -84.53657, ""name"": ""H5 Data Centers Cincinnati II"", ""net_count"": 1, ""state"": ""OH"", ""status"": ""ok"", ""updated"": ""2025-09-26T22:58:00Z"", ""website"": ""http://h5datacenters.com/""}"
11651,no_ixp,"{""city"": ""Ashburn"", ""country"": ""US"", ""id"": 11651, ""ix_count"": 0, ""latitude"": 39.019135, ""longitude"": -77.457738, ""name"": ""Cologix ASH1"", ""net_count"": 0, ""state"": ""VA"", ""status"": ""ok"", ""updated"": ""2025-09-26T22:58:13Z"", ""website"": ""https://www.cologix.com""}"
11671,no_ixp,"{""city"": ""Corvallis"", ""country"": ""US"", ""id"": 11671, ""ix_count"": 0, ""latitude"": 44.559445, ""longitude"": -123.275141, ""name"": ""Peak Internet"", ""net_count"": 0, ""state"": ""OR"", ""status"": ""ok"", ""updated"": ""2025-09-26T22:58:17Z"", ""website"": ""http://www.peakinternet.com""}"
11742,no_ixp,"{""city"": ""Sioux City"", ""country"": ""US"", ""id"": 11742, ""ix_count"": 0, ""latitude"": 42.498104, ""longitude"": -96.403951, ""name"": ""713 Nebraska"", ""net_count"": 6, ""state"": ""IA"", ""status"": ""ok"", ""updated"": ""2026-04-28T14:24:28Z"", ""website"": ""https://www.imon.net""}"
11786,no_ixp,"{""city"": ""Slidell"", ""country"": ""US"", ""id"": 11786, ""ix_count"": 0, ""latitude"": 30.287098, ""longitude"": -89.737403, ""name"": ""EdgeConneX New Orleans (EDCSLI01)"", ""net_count"": 0, ""state"": ""LA"", ""status"": ""ok"", ""updated"": ""2025-09-26T22:58:33Z"", ""website"": ""http://www.edgeconnex.com""}"
11867,no_ixp,"{""city"": ""Thornton"", ""country"": ""US"", ""id"": 11867, ""ix_count"": 0, ""latitude"": 39.847081, ""longitude"": -104.979182, ""name"": ""Sungard AS Thornton"", ""net_count"": 1, ""state"": ""CO"", ""status"": ""ok"", ""updated"": ""2025-09-26T22:58:44Z"", ""website"": ""https://www.sungardas.com/""}"
11903,no_ixp,"{""city"": ""Nogales"", ""country"": ""US"", ""id"": 11903, ""ix_count"": 0, ""latitude"": 31.334862, ""longitude"": -110.943701, ""name"": ""MDC Nogales"", ""net_count"": 3, ""state"": ""AZ"", ""status"": ""ok"", ""updated"": ""2025-09-26T22:58:47Z"", ""website"": ""http://mdcdatacenters.com""}"
11927,no_ixp,"{""city"": ""Newark"", ""country"": ""US"", ""id"": 11927, ""ix_count"": 0, ""latitude"": 37.510156, ""longitude"": -122.001869, ""name"": ""T5@SiliconValley"", ""net_count"": 0, ""state"": ""CA"", ""status"": ""ok"", ""updated"": ""2025-09-26T22:58:48Z"", ""website"": """"}"
11928,no_ixp,"{""city"": ""Hillsboro"", ""country"": ""US"", ""id"": 11928, ""ix_count"": 0, ""latitude"": 45.555659, ""longitude"": -122.938245, ""name"": ""T5@Portland"", ""net_count"": 1, ""state"": ""OR"", ""status"": ""ok"", ""updated"": ""2025-09-26T22:58:48Z"", ""website"": """"}"
11929,no_ixp,"{""city"": ""Kings Mountain"", ""country"": ""US"", ""id"": 11929, ""ix_count"": 0, ""latitude"": 35.250449, ""longitude"": -81.395098, ""name"": ""T5@Charlotte"", ""net_count"": 0, ""state"": ""NC"", ""status"": ""ok"", ""updated"": ""2025-09-26T22:58:49Z"", ""website"": """"}"
11930,no_ixp,"{""city"": ""Lithia Springs"", ""country"": ""US"", ""id"": 11930, ""ix_count"": 0, ""latitude"": 33.763445, ""longitude"": -84.604971, ""name"": ""T5@Atlanta"", ""net_count"": 0, ""state"": ""GA"", ""status"": ""ok"", ""updated"": ""2025-09-26T22:58:49Z"", ""website"": """"}"
11931,no_ixp,"{""city"": ""Augusta"", ""country"": ""US"", ""id"": 11931, ""ix_count"": 0, ""latitude"": 33.438755, ""longitude"": -82.157946, ""name"": ""T5@Augusta"", ""net_count"": 0, ""state"": ""GA"", ""status"": ""ok"", ""updated"": ""2025-09-26T22:58:49Z"", ""website"": """"}"
11932,no_ixp,"{""city"": ""Colorado Springs"", ""country"": ""US"", ""id"": 11932, ""ix_count"": 0, ""latitude"": 38.785862, ""longitude"": -104.788567, ""name"": ""T5@Colorado Springs"", ""net_count"": 0, ""state"": ""CO"", ""status"": ""ok"", ""updated"": ""2025-09-26T22:58:49Z"", ""website"": """"}"
11952,no_ixp,"{""city"": ""Sheridan"", ""country"": ""US"", ""id"": 11952, ""ix_count"": 0, ""latitude"": 44.784169, ""longitude"": -106.940957, ""name"": ""DC Host Sheridan"", ""net_count"": 0, ""state"": ""WY"", ""status"": ""ok"", ""updated"": ""2025-09-26T22:58:50Z"", ""website"": ""https://www.dchost.com""}"
11971,no_ixp,"{""city"": ""New York"", ""country"": ""US"", ""id"": 11971, ""ix_count"": 0, ""latitude"": 40.717729, ""longitude"": -74.008306, ""name"": ""EXA Datacenter New York"", ""net_count"": 3, ""state"": ""NY"", ""status"": ""ok"", ""updated"": ""2025-09-26T22:58:52Z"", ""website"": ""https://exainfra.net""}"
12049,no_ixp,"{""city"": ""Tulsa"", ""country"": ""US"", ""id"": 12049, ""ix_count"": 0, ""latitude"": 36.15682, ""longitude"": -95.993421, ""name"": ""Lumen Tulsa 1"", ""net_count"": 2, ""state"": ""OK"", ""status"": ""ok"", ""updated"": ""2025-09-26T22:59:08Z"", ""website"": ""http://www.lumen.com/""}"
12068,no_ixp,"{""city"": ""Dallas"", ""country"": ""US"", ""id"": 12068, ""ix_count"": 0, ""latitude"": 32.933377, ""longitude"": -96.808683, ""name"": ""Foremost Dallas"", ""net_count"": 0, ""state"": ""TX"", ""status"": ""ok"", ""updated"": ""2025-09-26T22:59:09Z"", ""website"": ""http://www.foremosttelecom.com""}"
12069,no_ixp,"{""city"": ""Corpus Christi"", ""country"": ""US"", ""id"": 12069, ""ix_count"": 0, ""latitude"": 27.795871, ""longitude"": -97.397251, ""name"": ""Foremost Corpus Christi"", ""net_count"": 0, ""state"": ""TX"", ""status"": ""ok"", ""updated"": ""2025-09-26T22:59:09Z"", ""website"": ""http://www.foremosttelecom.com""}"
12070,no_ixp,"{""city"": ""San Antonio"", ""country"": ""US"", ""id"": 12070, ""ix_count"": 0, ""latitude"": 29.42938, ""longitude"": -98.487309, ""name"": ""Foremost San Antonio"", ""net_count"": 0, ""state"": ""TX"", ""status"": ""ok"", ""updated"": ""2025-09-26T22:59:10Z"", ""website"": ""http://www.foremosttelecom.com""}"
12071,no_ixp,"{""city"": ""Harlingen"", ""country"": ""US"", ""id"": 12071, ""ix_count"": 0, ""latitude"": 26.192979, ""longitude"": -97.690638, ""name"": ""Foremost Harlingen"", ""net_count"": 0, ""state"": ""TX"", ""status"": ""ok"", ""updated"": ""2025-09-26T22:59:10Z"", ""website"": ""http://www.foremosttelecom.com""}"
12107,no_ixp,"{""city"": ""Dallas"", ""country"": ""US"", ""id"": 12107, ""ix_count"": 0, ""latitude"": 32.783697, ""longitude"": -96.79467, ""name"": ""Spin Servers DAL1"", ""net_count"": 1, ""state"": ""TX"", ""status"": ""ok"", ""updated"": ""2025-09-26T22:59:13Z"", ""website"": ""https://www.spinservers.com""}"
12159,no_ixp,"{""city"": ""Hillsboro"", ""country"": ""US"", ""id"": 12159, ""ix_count"": 0, ""latitude"": 45.549514, ""longitude"": -122.937479, ""name"": ""RagingWire HI1 - NTT"", ""net_count"": 2, ""state"": ""OR"", ""status"": ""ok"", ""updated"": ""2025-09-26T22:59:21Z"", ""website"": ""https://www.ragingwire.com/""}"
12189,no_ixp,"{""city"": ""Kannapolis"", ""country"": ""US"", ""id"": 12189, ""ix_count"": 0, ""latitude"": 35.504805, ""longitude"": -80.62259, ""name"": ""Segra Kannapolis"", ""net_count"": 1, ""state"": ""NC"", ""status"": ""ok"", ""updated"": ""2025-09-26T22:59:23Z"", ""website"": ""https://www.segra.com""}"
12212,no_ixp,"{""available_voltage_services"": [""48 VDC""], ""city"": ""Louisville"", ""country"": ""US"", ""id"": 12212, ""ix_count"": 0, ""latitude"": 38.241182, ""longitude"": -85.74932, ""name"": ""BluegrassNet Louisville"", ""net_count"": 0, ""state"": ""KY"", ""status"": ""ok"", ""updated"": ""2025-09-26T22:59:27Z"", ""website"": ""http://www.bluegrass.net""}"
12235,no_ixp,"{""city"": ""Independence"", ""country"": ""US"", ""id"": 12235, ""ix_count"": 0, ""latitude"": 41.361157, ""longitude"": -81.632535, ""name"": ""ark data centers - Cleveland, OH"", ""net_count"": 2, ""state"": ""OH"", ""status"": ""ok"", ""updated"": ""2025-09-26T22:59:30Z"", ""website"": ""https://www.arkdna.com""}"
12236,no_ixp,"{""city"": ""Duluth"", ""country"": ""US"", ""id"": 12236, ""ix_count"": 0, ""latitude"": 46.795743, ""longitude"": -92.096014, ""name"": ""421 N 6th Ave East"", ""net_count"": 2, ""state"": ""MN"", ""status"": ""ok"", ""updated"": ""2025-09-26T22:59:30Z"", ""website"": ""https://www.arkdna.com""}"
12237,no_ixp,"{""city"": ""Canton"", ""country"": ""US"", ""id"": 12237, ""ix_count"": 0, ""latitude"": 40.832529, ""longitude"": -81.431933, ""name"": ""ark data centers - Canton,OH"", ""net_count"": 4, ""state"": ""OH"", ""status"": ""ok"", ""updated"": ""2025-09-26T22:59:30Z"", ""website"": ""https://www.arkdna.com""}"
12238,no_ixp,"{""city"": ""Youngstown"", ""country"": ""US"", ""id"": 12238, ""ix_count"": 0, ""latitude"": 41.11832, ""longitude"": -80.657012, ""name"": ""ark data centers - Youngstown, OH"", ""net_count"": 3, ""state"": ""OH"", ""status"": ""ok"", ""updated"": ""2025-09-26T22:59:31Z"", ""website"": ""https://www.arkdna.com""}"
12239,no_ixp,"{""city"": ""Freeport"", ""country"": ""US"", ""id"": 12239, ""ix_count"": 0, ""latitude"": 40.752216, ""longitude"": -79.637268, ""name"": ""ark data centers - Pittsburgh, PA"", ""net_count"": 3, ""state"": ""PA"", ""status"": ""ok"", ""updated"": ""2025-09-26T22:59:31Z"", ""website"": ""https://www.arkdna.com""}"
12302,no_ixp,"{""city"": ""Eden Prairie"", ""country"": ""US"", ""id"": 12302, ""ix_count"": 0, ""latitude"": 44.877094, ""longitude"": -93.407686, ""name"": ""US Signal MN01 - Minneapolis"", ""net_count"": 5, ""state"": ""MN"", ""status"": ""ok"", ""updated"": ""2025-09-26T22:59:34Z"", ""website"": ""https://www.ussignal.com/""}"
12303,no_ixp,"{""city"": ""Fitchburg"", ""country"": ""US"", ""id"": 12303, ""ix_count"": 0, ""latitude"": 42.994734, ""longitude"": -89.423602, ""name"": ""US Signal WI02 - Madison"", ""net_count"": 3, ""state"": ""WI"", ""status"": ""ok"", ""updated"": ""2025-09-26T22:59:34Z"", ""website"": ""https://www.ussignal.com/""}"
12304,no_ixp,"{""city"": ""Waukee"", ""country"": ""US"", ""id"": 12304, ""ix_count"": 0, ""latitude"": 41.620242, ""longitude"": -93.853996, ""name"": ""US Signal IA01 - Des Moines"", ""net_count"": 2, ""state"": ""IA"", ""status"": ""ok"", ""updated"": ""2025-09-26T22:59:35Z"", ""website"": ""https://www.ussignal.com/""}"
12305,no_ixp,"{""city"": ""Englewood"", ""country"": ""US"", ""id"": 12305, ""ix_count"": 0, ""latitude"": 39.559076, ""longitude"": -104.833542, ""name"": ""US Signal CO01 - Denver"", ""net_count"": 2, ""state"": ""CO"", ""status"": ""ok"", ""updated"": ""2025-09-26T22:59:35Z"", ""website"": ""https://www.ussignal.com/""}"
12306,no_ixp,"{""city"": ""Bend"", ""country"": ""US"", ""id"": 12306, ""ix_count"": 0, ""latitude"": 44.086238, ""longitude"": -121.282971, ""name"": ""US Signal OR01 - Bend"", ""net_count"": 5, ""state"": ""OR"", ""status"": ""ok"", ""updated"": ""2025-09-26T22:59:35Z"", ""website"": ""https://www.ussignal.com/""}"
12307,no_ixp,"{""city"": ""Gilbert"", ""country"": ""US"", ""id"": 12307, ""ix_count"": 0, ""latitude"": 33.355173, ""longitude"": -111.826816, ""name"": ""US Signal AZ01 - Phoenix"", ""net_count"": 3, ""state"": ""AZ"", ""status"": ""ok"", ""updated"": ""2025-09-26T22:59:35Z"", ""website"": ""https://www.ussignal.com/""}"
12344,no_ixp,"{""city"": ""Elk Grove Village"", ""country"": ""US"", ""id"": 12344, ""ix_count"": 0, ""latitude"": 42.001364, ""longitude"": -87.952626, ""name"": ""EdgeConneX Chicago (EDCCHI02)"", ""net_count"": 1, ""state"": ""IL"", ""status"": ""ok"", ""updated"": ""2025-09-26T22:59:38Z"", ""website"": ""http://www.edgeconnex.com""}"
12396,no_ixp,"{""city"": ""New Orleans"", ""country"": ""US"", ""id"": 12396, ""ix_count"": 0, ""latitude"": 29.948875, ""longitude"": -90.070115, ""name"": ""Cogent New Orleans"", ""net_count"": 5, ""state"": ""LA"", ""status"": ""ok"", ""updated"": ""2025-09-26T22:59:42Z"", ""website"": ""http://www.cogentco.com""}"
12488,no_ixp,"{""city"": ""Franklin Park"", ""country"": ""US"", ""id"": 12488, ""ix_count"": 0, ""latitude"": 41.926884, ""longitude"": -87.859119, ""name"": ""Digital Realty CHI (9333 Grand Ave)"", ""net_count"": 3, ""state"": ""IL"", ""status"": ""ok"", ""updated"": ""2025-09-26T22:59:54Z"", ""website"": ""https://www.digitalrealty.com""}"
12489,no_ixp,"{""city"": ""Franklin Park"", ""country"": ""US"", ""id"": 12489, ""ix_count"": 0, ""latitude"": 41.927658, ""longitude"": -87.859333, ""name"": ""Digital Realty CHI (9355 Grand Ave)"", ""net_count"": 2, ""state"": ""IL"", ""status"": ""ok"", ""updated"": ""2025-09-26T22:59:54Z"", ""website"": ""https://www.digitalrealty.com""}"
12553,no_ixp,"{""city"": ""Mesa"", ""country"": ""US"", ""id"": 12553, ""ix_count"": 0, ""latitude"": 33.345396, ""longitude"": -111.619886, ""name"": ""EdgeCore Phoenix"", ""net_count"": 0, ""state"": ""AZ"", ""status"": ""ok"", ""updated"": ""2025-09-26T22:59:59Z"", ""website"": ""https://www.edgecore.com/""}"
12675,no_ixp,"{""city"": ""Chicago"", ""country"": ""US"", ""id"": 12675, ""ix_count"": 0, ""latitude"": 41.876203, ""longitude"": -87.631496, ""name"": ""tzulo Chicago"", ""net_count"": 0, ""state"": ""IL"", ""status"": ""ok"", ""updated"": ""2025-09-26T23:00:12Z"", ""website"": """"}"
12679,no_ixp,"{""city"": ""Southbury"", ""country"": ""US"", ""id"": 12679, ""ix_count"": 0, ""latitude"": 41.451602, ""longitude"": -73.28939, ""name"": ""SD / Comsat Southbury Ground Station"", ""net_count"": 1, ""state"": ""CT"", ""status"": ""ok"", ""updated"": ""2025-09-26T23:00:12Z"", ""website"": ""http://www.sddatacenter.com""}"
12680,no_ixp,"{""city"": ""Santa Paula"", ""country"": ""US"", ""id"": 12680, ""ix_count"": 0, ""latitude"": 34.413094, ""longitude"": -119.080887, ""name"": ""SD / Comsat Santa Paula Ground Station"", ""net_count"": 1, ""state"": ""CA"", ""status"": ""ok"", ""updated"": ""2025-09-26T23:00:12Z"", ""website"": ""http://www.sddatacenter.com""}"
12749,no_ixp,"{""city"": ""Orlando"", ""country"": ""US"", ""id"": 12749, ""ix_count"": 0, ""latitude"": 28.614463, ""longitude"": -81.385657, ""name"": ""HostDime Orlando Tier IV Data Center"", ""net_count"": 2, ""state"": ""FL"", ""status"": ""ok"", ""updated"": ""2025-09-26T23:00:17Z"", ""website"": ""https://www.hostdime.com/""}"
12844,no_ixp,"{""city"": ""Omaha"", ""country"": ""US"", ""id"": 12844, ""ix_count"": 0, ""latitude"": 41.242916, ""longitude"": -96.016491, ""name"": ""Scott Data Center Omaha"", ""net_count"": 2, ""state"": ""NE"", ""status"": ""ok"", ""updated"": ""2025-09-26T23:00:28Z"", ""website"": ""https://www.scottdatacenter.com""}"
12877,no_ixp,"{""city"": ""Ashburn"", ""country"": ""US"", ""id"": 12877, ""ix_count"": 0, ""latitude"": 39.010562, ""longitude"": -77.475185, ""name"": ""Aligned Ashburn (IAD-02)"", ""net_count"": 0, ""state"": ""VA"", ""status"": ""ok"", ""updated"": ""2025-09-26T23:00:30Z"", ""website"": ""https://www.aligneddc.com""}"
12878,no_ixp,"{""city"": ""Northlake"", ""country"": ""US"", ""id"": 12878, ""ix_count"": 0, ""latitude"": 41.913464, ""longitude"": -87.91876, ""name"": ""Aligned Chicago (ORD-01)"", ""net_count"": 0, ""state"": ""IL"", ""status"": ""ok"", ""updated"": ""2025-09-26T23:00:30Z"", ""website"": ""https://www.aligneddc.com""}"
12879,no_ixp,"{""city"": ""Northlake"", ""country"": ""US"", ""id"": 12879, ""ix_count"": 0, ""latitude"": 41.913464, ""longitude"": -87.91876, ""name"": ""Aligned Chicago (ORD-02)"", ""net_count"": 0, ""state"": ""IL"", ""status"": ""ok"", ""updated"": ""2025-09-26T23:00:31Z"", ""website"": ""https://www.aligneddc.com""}"
13001,no_ixp,"{""city"": ""Cedar Falls"", ""country"": ""US"", ""id"": 13001, ""ix_count"": 0, ""latitude"": 42.474167, ""longitude"": -92.458792, ""name"": ""Connect Cedar Valley"", ""net_count"": 0, ""state"": ""IA"", ""status"": ""ok"", ""updated"": ""2025-09-26T23:00:40Z"", ""website"": ""https://connectdsm.com""}"
13021,no_ixp,"{""city"": ""Beaverton"", ""country"": ""US"", ""id"": 13021, ""ix_count"": 0, ""latitude"": 45.475663, ""longitude"": -122.776066, ""name"": ""Digital Fortress (PTL3)"", ""net_count"": 4, ""state"": ""OR"", ""status"": ""ok"", ""updated"": ""2025-09-26T23:00:42Z"", ""website"": ""https://digital-fortress.com/""}"
13022,no_ixp,"{""city"": ""Lynnwood"", ""country"": ""US"", ""id"": 13022, ""ix_count"": 0, ""latitude"": 47.822503, ""longitude"": -122.289478, ""name"": ""Digital Fortress (LYN)"", ""net_count"": 8, ""state"": ""WA"", ""status"": ""ok"", ""updated"": ""2025-09-26T23:00:42Z"", ""website"": ""https://digital-fortress.com/""}"
13023,no_ixp,"{""city"": ""Piscataway"", ""country"": ""US"", ""id"": 13023, ""ix_count"": 0, ""latitude"": 40.544144, ""longitude"": -74.496592, ""name"": ""Digital Fortress (PNJ)"", ""net_count"": 3, ""state"": ""NJ"", ""status"": ""ok"", ""updated"": ""2025-09-26T23:00:42Z"", ""website"": ""https://digital-fortress.com/""}"
13093,no_ixp,"{""available_voltage_services"": [""48 VDC""], ""city"": ""Rochester"", ""country"": ""US"", ""id"": 13093, ""ix_count"": 0, ""latitude"": 44.020906, ""longitude"": -92.462501, ""name"": ""SFN MN-Rochester"", ""net_count"": 1, ""state"": ""MN"", ""status"": ""ok"", ""updated"": ""2025-09-26T23:00:47Z"", ""website"": ""http://www.southfront.io""}"
13102,no_ixp,"{""city"": ""Minneapolis"", ""country"": ""US"", ""id"": 13102, ""ix_count"": 0, ""latitude"": 44.971408, ""longitude"": -93.25458, ""name"": ""Aureon Minneapolis"", ""net_count"": 0, ""state"": ""MN"", ""status"": ""ok"", ""updated"": ""2025-09-26T23:00:48Z"", ""website"": ""http://www.aureon.com""}"
13103,no_ixp,"{""city"": ""West Des Moines"", ""country"": ""US"", ""id"": 13103, ""ix_count"": 0, ""latitude"": 41.597249, ""longitude"": -93.735197, ""name"": ""Aureon West Des Moines"", ""net_count"": 1, ""state"": """", ""status"": ""ok"", ""updated"": ""2025-09-26T23:00:49Z"", ""website"": ""http://www.aureon.com""}"
13111,no_ixp,"{""available_voltage_services"": [""48 VDC"", ""480 VAC""], ""city"": ""Louisville"", ""country"": ""US"", ""id"": 13111, ""ix_count"": 0, ""latitude"": 39.965362, ""longitude"": -105.124453, ""name"": ""LSVL-CTC1"", ""net_count"": 0, ""state"": ""CO"", ""status"": ""ok"", ""updated"": ""2025-09-26T23:00:49Z"", ""website"": ""https://www.massivenetworks.com""}"
13220,no_ixp,"{""city"": ""Sioux Falls"", ""country"": ""US"", ""id"": 13220, ""ix_count"": 0, ""latitude"": 43.496635, ""longitude"": -96.785669, ""name"": ""Midco Sioux Falls"", ""net_count"": 2, ""state"": ""SD"", ""status"": ""ok"", ""updated"": ""2025-09-26T23:00:57Z"", ""website"": ""http://www.midco.com""}"
13221,no_ixp,"{""city"": ""Yankton"", ""country"": ""US"", ""id"": 13221, ""ix_count"": 0, ""latitude"": 42.892031, ""longitude"": -97.416548, ""name"": ""Midco Yankton"", ""net_count"": 2, ""state"": ""SD"", ""status"": ""ok"", ""updated"": ""2025-09-26T23:00:58Z"", ""website"": ""http://www.midco.com""}"
13222,no_ixp,"{""city"": ""Fargo"", ""country"": ""US"", ""id"": 13222, ""ix_count"": 0, ""latitude"": 46.836551, ""longitude"": -96.865917, ""name"": ""Midco Fargo"", ""net_count"": 3, ""state"": ""ND"", ""status"": ""ok"", ""updated"": ""2025-09-26T23:00:58Z"", ""website"": ""http://www.midco.com""}"
13223,no_ixp,"{""city"": ""Grand Forks"", ""country"": ""US"", ""id"": 13223, ""ix_count"": 0, ""latitude"": 47.902115, ""longitude"": -97.090307, ""name"": ""Midco Grand Forks"", ""net_count"": 2, ""state"": ""ND"", ""status"": ""ok"", ""updated"": ""2025-09-26T23:00:58Z"", ""website"": ""http://www.midco.com""}"
13227,no_ixp,"{""city"": ""La Mirada"", ""country"": ""US"", ""id"": 13227, ""ix_count"": 0, ""latitude"": 33.879828, ""longitude"": -118.026751, ""name"": ""Cogent La Mirada"", ""net_count"": 0, ""state"": ""CA"", ""status"": ""ok"", ""updated"": ""2025-09-26T23:00:58Z"", ""website"": ""http://www.cogentco.com""}"
13230,no_ixp,"{""available_voltage_services"": [""480 VAC""], ""city"": ""Columbus"", ""country"": ""US"", ""id"": 13230, ""ix_count"": 0, ""latitude"": 32.498252, ""longitude"": -84.883576, ""name"": ""DLI One"", ""net_count"": 1, ""state"": ""GA"", ""status"": ""ok"", ""updated"": ""2025-09-26T23:00:59Z"", ""website"": ""https://dlione.net/""}"
13252,no_ixp,"{""available_voltage_services"": [""48 VDC"", ""480 VAC""], ""city"": ""Germantown"", ""country"": ""US"", ""id"": 13252, ""ix_count"": 0, ""latitude"": 43.227892, ""longitude"": -88.146745, ""name"": ""Ethoplex Data Center"", ""net_count"": 1, ""state"": ""WI"", ""status"": ""ok"", ""updated"": ""2025-09-26T23:01:00Z"", ""website"": ""http://www.ethoplex.com""}"
13254,no_ixp,"{""city"": ""Brooklyn Park"", ""country"": ""US"", ""id"": 13254, ""ix_count"": 0, ""latitude"": 45.14438, ""longitude"": -93.385913, ""name"": ""DataBank Minneapolis (MSP3)"", ""net_count"": 3, ""state"": ""MN"", ""status"": ""ok"", ""updated"": ""2025-09-26T23:01:00Z"", ""website"": ""http://www.databank.com""}"
13256,no_ixp,"{""available_voltage_services"": [""48 VDC""], ""city"": ""Urbana"", ""country"": ""US"", ""id"": 13256, ""ix_count"": 0, ""latitude"": 42.246422, ""longitude"": -91.886635, ""name"": ""SFN IA-Urbana"", ""net_count"": 1, ""state"": ""IA"", ""status"": ""ok"", ""updated"": ""2025-09-26T23:01:00Z"", ""website"": ""http://www.southfront.io""}"
13291,no_ixp,"{""city"": ""Vernal"", ""country"": ""US"", ""id"": 13291, ""ix_count"": 0, ""latitude"": 40.456615, ""longitude"": -109.528963, ""name"": ""STRATA Vernal Data Center"", ""net_count"": 1, ""state"": ""UT"", ""status"": ""ok"", ""updated"": ""2025-09-26T23:01:01Z"", ""website"": ""http://www.stratanetworks.com""}"
13313,no_ixp,"{""city"": ""San Diego"", ""country"": ""US"", ""id"": 13313, ""ix_count"": 0, ""latitude"": 32.594192, ""longitude"": -117.085384, ""name"": ""MDC San Diego"", ""net_count"": 2, ""state"": ""CA"", ""status"": ""ok"", ""updated"": ""2025-09-26T23:01:05Z"", ""website"": ""http://mdcdatacenters.com""}"
13357,no_ixp,"{""available_voltage_services"": [""48 VDC""], ""city"": ""Mason City"", ""country"": ""US"", ""id"": 13357, ""ix_count"": 0, ""latitude"": 43.151696, ""longitude"": -93.199328, ""name"": ""Router12 - Brick and Tile"", ""net_count"": 1, ""state"": ""IA"", ""status"": ""ok"", ""updated"": ""2025-09-26T23:01:12Z"", ""website"": ""http://www.router12.net""}"
13389,no_ixp,"{""city"": ""Douglasville"", ""country"": ""US"", ""id"": 13389, ""ix_count"": 0, ""latitude"": 33.731164, ""longitude"": -84.615714, ""name"": ""Flexential - Atlanta/Douglasville (ATL5)"", ""net_count"": 0, ""state"": ""GA"", ""status"": ""ok"", ""updated"": ""2025-09-26T23:01:15Z"", ""website"": ""https://www.flexential.com/""}"
13390,no_ixp,"{""city"": ""Hillsboro"", ""country"": ""US"", ""id"": 13390, ""ix_count"": 0, ""latitude"": 45.559203, ""longitude"": -122.938018, ""name"": ""Flexential - Portland/Hillsboro 3 (PDX03)"", ""net_count"": 2, ""state"": ""OR"", ""status"": ""ok"", ""updated"": ""2025-09-26T23:01:15Z"", ""website"": ""https://www.flexential.com/""}"
13391,no_ixp,"{""city"": ""Hillsboro"", ""country"": ""US"", ""id"": 13391, ""ix_count"": 0, ""latitude"": 45.555183, ""longitude"": -122.939056, ""name"": ""Flexential - Portland/Hillsboro 4 (PDX04)"", ""net_count"": 2, ""state"": ""OR"", ""status"": ""ok"", ""updated"": ""2025-09-26T23:01:15Z"", ""website"": ""https://www.flexential.com/""}"
13438,no_ixp,"{""city"": ""Baton Rouge"", ""country"": ""US"", ""id"": 13438, ""ix_count"": 0, ""latitude"": 30.45352, ""longitude"": -91.115624, ""name"": ""Venyu BTR1"", ""net_count"": 2, ""state"": ""LA"", ""status"": ""ok"", ""updated"": ""2025-09-26T23:01:20Z"", ""website"": """"}"
13439,no_ixp,"{""city"": ""Westland"", ""country"": ""US"", ""id"": 13439, ""ix_count"": 0, ""latitude"": 42.331172, ""longitude"": -83.419408, ""name"": ""Otava Metro Detroit"", ""net_count"": 1, ""state"": ""MI"", ""status"": ""ok"", ""updated"": ""2025-09-26T23:01:21Z"", ""website"": """"}"
13440,no_ixp,"{""city"": ""Starkville"", ""country"": ""US"", ""id"": 13440, ""ix_count"": 0, ""latitude"": 33.470581, ""longitude"": -88.791097, ""name"": ""C Spire Mississippi"", ""net_count"": 0, ""state"": ""MS"", ""status"": ""ok"", ""updated"": ""2025-09-26T23:01:21Z"", ""website"": ""https://www.cspire.com/""}"
13441,no_ixp,"{""city"": ""Philadelphia"", ""country"": ""US"", ""id"": 13441, ""ix_count"": 0, ""latitude"": 39.960652, ""longitude"": -75.160469, ""name"": ""Crown Castle Philadelphia (1309 Noble)"", ""net_count"": 0, ""state"": ""PA"", ""status"": ""ok"", ""updated"": ""2025-09-26T23:01:21Z"", ""website"": ""https://www.crowncastle.com/""}"
13442,no_ixp,"{""city"": ""White Plains"", ""country"": ""US"", ""id"": 13442, ""ix_count"": 0, ""latitude"": 41.034715, ""longitude"": -73.767108, ""name"": ""Crown Castle White Plains (360 Hamilton)"", ""net_count"": 0, ""state"": ""NY"", ""status"": ""ok"", ""updated"": ""2025-09-26T23:01:21Z"", ""website"": ""https://www.crowncastle.com/""}"
13444,invalid_coordinates,"{""city"": ""Mount Pleasant"", ""country"": ""US"", ""id"": 13444, ""ix_count"": 1, ""latitude"": null, ""longitude"": null, ""name"": ""CMS Internet - DC1 - Mount Pleasant MI"", ""net_count"": 1, ""state"": """", ""status"": ""ok"", ""updated"": ""2025-09-26T23:01:22Z"", ""website"": ""https://cmsinter.net""}"
13478,no_ixp,"{""city"": ""Santa Clara"", ""country"": ""US"", ""id"": 13478, ""ix_count"": 0, ""latitude"": 37.384692, ""longitude"": -121.964919, ""name"": ""EdgeCore Silicon Valley"", ""net_count"": 0, ""state"": ""CA"", ""status"": ""ok"", ""updated"": ""2025-09-26T23:01:24Z"", ""website"": ""https://www.edgecore.com/""}"
13479,no_ixp,"{""city"": ""Sterling"", ""country"": ""US"", ""id"": 13479, ""ix_count"": 0, ""latitude"": 39.021724, ""longitude"": -77.414111, ""name"": ""EdgeCore VA1"", ""net_count"": 0, ""state"": ""VA"", ""status"": ""ok"", ""updated"": ""2025-09-26T23:01:24Z"", ""website"": ""https://www.edgecore.com/""}"
13480,no_ixp,"{""city"": ""Sterling"", ""country"": ""US"", ""id"": 13480, ""ix_count"": 0, ""latitude"": 38.994747, ""longitude"": -77.444362, ""name"": ""EdgeCore VA2"", ""net_count"": 0, ""state"": ""VA"", ""status"": ""ok"", ""updated"": ""2025-09-26T23:01:25Z"", ""website"": ""https://www.edgecore.com/""}"
13481,no_ixp,"{""city"": ""McCarran"", ""country"": ""US"", ""id"": 13481, ""ix_count"": 0, ""latitude"": 39.524415, ""longitude"": -119.481812, ""name"": ""EdgeCore Reno 1"", ""net_count"": 0, ""state"": ""NV"", ""status"": ""ok"", ""updated"": ""2025-09-26T23:01:25Z"", ""website"": ""https://www.edgecore.com/""}"
13493,no_ixp,"{""available_voltage_services"": [""48 VDC""], ""city"": ""De Pere"", ""country"": ""US"", ""id"": 13493, ""ix_count"": 0, ""latitude"": 44.428051, ""longitude"": -88.050196, ""name"": ""Ethoplex Edge DC - Green Bay"", ""net_count"": 1, ""state"": ""WI"", ""status"": ""ok"", ""updated"": ""2025-09-26T23:01:26Z"", ""website"": ""http://www.ethoplex.com""}"
13494,no_ixp,"{""available_voltage_services"": [""48 VDC""], ""city"": ""Friendship"", ""country"": ""US"", ""id"": 13494, ""ix_count"": 0, ""latitude"": 43.833878, ""longitude"": -88.494331, ""name"": ""Ethoplex Edge DC - Fond du Lac"", ""net_count"": 0, ""state"": ""WI"", ""status"": ""ok"", ""updated"": ""2025-09-26T23:01:26Z"", ""website"": ""http://www.ethoplex.com""}"
13509,no_ixp,"{""city"": ""Marshfield"", ""country"": ""US"", ""id"": 13509, ""ix_count"": 0, ""latitude"": 44.632611, ""longitude"": -90.168593, ""name"": ""901 Commerce Dr"", ""net_count"": 0, ""state"": ""WI"", ""status"": ""ok"", ""updated"": ""2025-09-26T23:01:28Z"", ""website"": ""https://www.marshfieldclinic.org/""}"
13510,no_ixp,"{""city"": ""Jacksonville"", ""country"": ""US"", ""id"": 13510, ""ix_count"": 0, ""latitude"": 30.271996, ""longitude"": -81.623873, ""name"": ""Lumen Jacksonville"", ""net_count"": 1, ""state"": ""FL"", ""status"": ""ok"", ""updated"": ""2025-09-26T23:01:28Z"", ""website"": ""http://www.lumen.com/""}"
13512,no_ixp,"{""city"": ""Portland"", ""country"": ""US"", ""id"": 13512, ""ix_count"": 0, ""latitude"": 45.531671, ""longitude"": -122.68496, ""name"": ""Lumen Portland"", ""net_count"": 2, ""state"": ""OR"", ""status"": ""ok"", ""updated"": ""2025-09-26T23:01:28Z"", ""website"": ""http://www.lumen.com/""}"
13513,no_ixp,"{""city"": ""Pittsburgh"", ""country"": ""US"", ""id"": 13513, ""ix_count"": 0, ""latitude"": 40.425388, ""longitude"": -79.970352, ""name"": ""Lumen Pittsburgh"", ""net_count"": 1, ""state"": ""PA"", ""status"": ""ok"", ""updated"": ""2025-09-26T23:01:28Z"", ""website"": ""http://www.lumen.com/""}"
13514,no_ixp,"{""city"": ""Philadelphia"", ""country"": ""US"", ""id"": 13514, ""ix_count"": 0, ""latitude"": 39.959621, ""longitude"": -75.161021, ""name"": ""Lumen Philadelphia"", ""net_count"": 1, ""state"": ""PA"", ""status"": ""ok"", ""updated"": ""2025-09-26T23:01:28Z"", ""website"": ""http://www.lumen.com/""}"
13611,no_ixp,"{""city"": ""Manchester"", ""country"": ""US"", ""id"": 13611, ""ix_count"": 0, ""latitude"": 42.972613, ""longitude"": -71.469472, ""name"": ""Crown Castle Manchester (1 Sundial Ave)"", ""net_count"": 1, ""state"": ""NH"", ""status"": ""ok"", ""updated"": ""2025-09-26T23:01:43Z"", ""website"": ""https://www.crowncastle.com/""}"
13614,no_ixp,"{""city"": ""Rutland"", ""country"": ""US"", ""id"": 13614, ""ix_count"": 0, ""latitude"": 43.660147, ""longitude"": -72.992651, ""name"": ""VELCO Rutland"", ""net_count"": 1, ""state"": ""VT"", ""status"": ""ok"", ""updated"": ""2025-09-26T23:01:43Z"", ""website"": ""https://www.velco.com/""}"
13628,no_ixp,"{""city"": ""Hopkinsville"", ""country"": ""US"", ""id"": 13628, ""ix_count"": 0, ""latitude"": 36.847841, ""longitude"": -87.465157, ""name"": ""Energynet Datacenter"", ""net_count"": 4, ""state"": ""KY"", ""status"": ""ok"", ""updated"": ""2025-09-26T23:01:45Z"", ""website"": ""https://hop-electric.com/internet/""}"
13629,no_ixp,"{""city"": ""Bowling Green"", ""country"": ""US"", ""id"": 13629, ""ix_count"": 0, ""latitude"": 36.962312, ""longitude"": -86.470939, ""name"": ""Lost River Data Center"", ""net_count"": 1, ""state"": ""KY"", ""status"": ""ok"", ""updated"": ""2025-09-26T23:01:46Z"", ""website"": ""https://www.wku.edu/""}"
13661,no_ixp,"{""city"": ""Minneapolis"", ""country"": ""US"", ""id"": 13661, ""ix_count"": 0, ""latitude"": 44.980944, ""longitude"": -93.267514, ""name"": ""Atomic Data MSP250"", ""net_count"": 0, ""state"": ""MN"", ""status"": ""ok"", ""updated"": ""2025-09-26T23:01:50Z"", ""website"": ""http://www.atomicdata.com""}"
13664,no_ixp,"{""city"": ""Russellville"", ""country"": ""US"", ""id"": 13664, ""ix_count"": 0, ""latitude"": 36.846023, ""longitude"": -86.88624, ""name"": ""Russellvile EPB Smartnet"", ""net_count"": 1, ""state"": ""KY"", ""status"": ""ok"", ""updated"": ""2026-06-03T19:05:17Z"", ""website"": ""http://www.epbnet.com""}"
13681,no_ixp,"{""city"": ""San Luis Obispo"", ""country"": ""US"", ""id"": 13681, ""ix_count"": 0, ""latitude"": 35.255773, ""longitude"": -120.640747, ""name"": ""H5 Data Centers San Luis Obispo"", ""net_count"": 0, ""state"": ""CA"", ""status"": ""ok"", ""updated"": ""2025-09-26T23:01:53Z"", ""website"": ""http://h5datacenters.com/""}"
13686,no_ixp,"{""city"": ""Phoenix"", ""country"": ""US"", ""id"": 13686, ""ix_count"": 0, ""latitude"": 33.462368, ""longitude"": -111.995794, ""name"": ""QTS Phoenix (PHX2)"", ""net_count"": 1, ""state"": ""AZ"", ""status"": ""ok"", ""updated"": ""2025-09-26T23:01:54Z"", ""website"": ""http://www.qtsdatacenters.com""}"
13692,no_ixp,"{""city"": ""West Haven"", ""country"": ""US"", ""id"": 13692, ""ix_count"": 0, ""latitude"": 41.289812, ""longitude"": -72.970174, ""name"": ""Lumen West Haven"", ""net_count"": 1, ""state"": ""CT"", ""status"": ""ok"", ""updated"": ""2025-09-26T23:01:55Z"", ""website"": ""http://www.lumen.com/""}"
13693,no_ixp,"{""city"": ""New Haven"", ""country"": ""US"", ""id"": 13693, ""ix_count"": 0, ""latitude"": 41.299871, ""longitude"": -72.926131, ""name"": ""Lumen New Haven"", ""net_count"": 1, ""state"": ""CT"", ""status"": ""ok"", ""updated"": ""2025-09-26T23:01:55Z"", ""website"": ""http://www.lumen.com/""}"
13694,no_ixp,"{""city"": ""Hartford"", ""country"": ""US"", ""id"": 13694, ""ix_count"": 0, ""latitude"": 41.745091, ""longitude"": -72.665146, ""name"": ""Lumen Hartford"", ""net_count"": 1, ""state"": ""CT"", ""status"": ""ok"", ""updated"": ""2025-09-26T23:01:56Z"", ""website"": ""http://www.lumen.com/""}"
13695,no_ixp,"{""city"": ""Stamford"", ""country"": ""US"", ""id"": 13695, ""ix_count"": 0, ""latitude"": 41.049146, ""longitude"": -73.530484, ""name"": ""Lumen Stamford"", ""net_count"": 1, ""state"": ""CT"", ""status"": ""ok"", ""updated"": ""2025-09-26T23:01:56Z"", ""website"": ""http://www.lumen.com/""}"
13696,no_ixp,"{""city"": ""New London"", ""country"": ""US"", ""id"": 13696, ""ix_count"": 0, ""latitude"": 41.347035, ""longitude"": -72.102643, ""name"": ""Lumen New London"", ""net_count"": 1, ""state"": ""CT"", ""status"": ""ok"", ""updated"": ""2025-09-26T23:01:56Z"", ""website"": ""http://www.lumen.com/""}"
13697,no_ixp,"{""city"": ""Stamford"", ""country"": ""US"", ""id"": 13697, ""ix_count"": 0, ""latitude"": 41.058085, ""longitude"": -73.542936, ""name"": ""Crown Castle Stamford"", ""net_count"": 1, ""state"": ""CT"", ""status"": ""ok"", ""updated"": ""2025-09-26T23:01:56Z"", ""website"": ""https://www.crowncastle.com/""}"
13849,no_ixp,"{""available_voltage_services"": [""48 VDC"", ""400 VAC"", ""480 VAC""], ""city"": ""Casper"", ""country"": ""US"", ""id"": 13849, ""ix_count"": 0, ""latitude"": 42.849554, ""longitude"": -106.326238, ""name"": ""Mountain West Technologies - Casper"", ""net_count"": 3, ""state"": ""WY"", ""status"": ""ok"", ""updated"": ""2025-09-26T23:02:18Z"", ""website"": ""http://www.mwtn.net""}"
13850,no_ixp,"{""available_voltage_services"": [""48 VDC""], ""city"": ""Cheyenne"", ""country"": ""US"", ""id"": 13850, ""ix_count"": 0, ""latitude"": 41.175834, ""longitude"": -104.82786, ""name"": ""Mountain West Technologies - Cheyenne"", ""net_count"": 3, ""state"": ""WY"", ""status"": ""ok"", ""updated"": ""2025-09-26T23:02:19Z"", ""website"": ""http://www.mwtn.net""}"
13974,no_ixp,"{""available_voltage_services"": [""480 VAC""], ""city"": ""Ottoville"", ""country"": ""US"", ""id"": 13974, ""ix_count"": 0, ""latitude"": 40.929554, ""longitude"": -84.341921, ""name"": ""Microtronix Datacenter Ottoville"", ""net_count"": 2, ""state"": ""OH"", ""status"": ""ok"", ""updated"": ""2025-09-26T23:02:40Z"", ""website"": ""https://www.microtronixdc.com""}"
13975,no_ixp,"{""city"": ""Naples"", ""country"": ""US"", ""id"": 13975, ""ix_count"": 0, ""latitude"": 26.167743, ""longitude"": -81.799835, ""name"": ""SKYLINK DATA CENTERS"", ""net_count"": 2, ""state"": ""FL"", ""status"": ""ok"", ""updated"": ""2025-09-26T23:02:40Z"", ""website"": ""https://skylinkdc.com/""}"
14006,invalid_coordinates,"{""city"": ""Houston"", ""country"": ""US"", ""id"": 14006, ""ix_count"": 0, ""latitude"": null, ""longitude"": null, ""name"": ""Lighthouse Data Center (Houston)"", ""net_count"": 4, ""state"": ""TX"", ""status"": ""ok"", ""updated"": ""2025-09-26T23:02:45Z"", ""website"": ""http://www.pslightwave.com""}"
14139,invalid_coordinates,"{""available_voltage_services"": [""48 VDC""], ""city"": ""Suzano"", ""country"": ""US"", ""id"": 14139, ""ix_count"": 0, ""latitude"": null, ""longitude"": null, ""name"": ""UPIX EDGE SUZANO 01"", ""net_count"": 0, ""state"": ""PA"", ""status"": ""ok"", ""updated"": ""2025-09-26T23:03:06Z"", ""website"": ""http://www.upixnetworks.com""}"
14149,no_ixp,"{""available_voltage_services"": [""48 VDC"", ""480 VAC""], ""city"": ""Lakewood"", ""country"": ""US"", ""id"": 14149, ""ix_count"": 0, ""latitude"": 39.728305, ""longitude"": -105.122436, ""name"": ""ColoradoColo - Lakewood (LKWD)"", ""net_count"": 2, ""state"": ""CO"", ""status"": ""ok"", ""updated"": ""2025-09-26T23:03:08Z"", ""website"": ""https://www.coloradocolo.com""}"
14177,no_ixp,"{""city"": ""Chattanooga"", ""country"": ""US"", ""id"": 14177, ""ix_count"": 0, ""latitude"": 35.03746, ""longitude"": -85.293181, ""name"": ""Peace Communications CHA1"", ""net_count"": 1, ""state"": ""TN"", ""status"": ""ok"", ""updated"": ""2025-09-26T23:03:15Z"", ""website"": ""http://www.peacecom.net""}"
14178,no_ixp,"{""city"": ""Huntsville"", ""country"": ""US"", ""id"": 14178, ""ix_count"": 0, ""latitude"": 34.699841, ""longitude"": -86.593493, ""name"": ""Peace Communications HSV1"", ""net_count"": 1, ""state"": ""AL"", ""status"": ""ok"", ""updated"": ""2026-07-22T04:10:19Z"", ""website"": ""http://www.peacecom.net""}"
14189,no_ixp,"{""city"": ""Cassopolics"", ""country"": ""US"", ""id"": 14189, ""ix_count"": 0, ""latitude"": 41.919049, ""longitude"": -85.973476, ""name"": ""Midwest Energy & Communications"", ""net_count"": 0, ""state"": ""MI"", ""status"": ""ok"", ""updated"": ""2025-09-26T23:03:17Z"", ""website"": """"}"
14193,no_ixp,"{""city"": ""Little Rock"", ""country"": ""US"", ""id"": 14193, ""ix_count"": 0, ""latitude"": 34.744124, ""longitude"": -92.274415, ""name"": ""Mainstream Little Rock"", ""net_count"": 4, ""state"": ""AR"", ""status"": ""ok"", ""updated"": ""2025-09-26T23:03:17Z"", ""website"": """"}"
14198,no_ixp,"{""available_voltage_services"": [""480 VAC""], ""city"": ""Mill Spring"", ""country"": ""US"", ""id"": 14198, ""ix_count"": 0, ""latitude"": 35.299848, ""longitude"": -82.160867, ""name"": ""CloudOgre"", ""net_count"": 0, ""state"": ""NC"", ""status"": ""ok"", ""updated"": ""2025-09-26T23:03:18Z"", ""website"": ""https://cloudogre.com/""}"
14224,no_ixp,"{""city"": ""Greenville"", ""country"": ""US"", ""id"": 14224, ""ix_count"": 0, ""latitude"": 34.806553, ""longitude"": -82.345891, ""name"": ""DC BLOX GSP1 - DCBLOX Greenville"", ""net_count"": 2, ""state"": ""SC"", ""status"": ""ok"", ""updated"": ""2025-09-26T23:03:23Z"", ""website"": ""http://www.dcblox.com""}"
14265,no_ixp,"{""available_voltage_services"": [""48 VDC""], ""city"": ""Hillsboro"", ""country"": ""US"", ""id"": 14265, ""ix_count"": 0, ""latitude"": 45.551374, ""longitude"": -122.937143, ""name"": ""HLBOORXH - Hawthorne Central Office"", ""net_count"": 1, ""state"": ""OR"", ""status"": ""ok"", ""updated"": ""2025-09-26T23:03:29Z"", ""website"": ""https://www.ziplyfiber.com""}"
14266,no_ixp,"{""available_voltage_services"": [""48 VDC"", ""480 VAC""], ""city"": ""Beaverton"", ""country"": ""US"", ""id"": 14266, ""ix_count"": 0, ""latitude"": 45.490175, ""longitude"": -122.811642, ""name"": ""BVTNORXB - Beaverton Central Office"", ""net_count"": 1, ""state"": ""OR"", ""status"": ""ok"", ""updated"": ""2025-09-26T23:03:29Z"", ""website"": ""https://www.ziplyfiber.com""}"
14267,no_ixp,"{""available_voltage_services"": [""48 VDC""], ""city"": ""Gresham"", ""country"": ""US"", ""id"": 14267, ""ix_count"": 0, ""latitude"": 45.510725, ""longitude"": -122.431708, ""name"": ""GRHMORXB - Gresham Central Office"", ""net_count"": 1, ""state"": ""OR"", ""status"": ""ok"", ""updated"": ""2025-09-26T23:03:30Z"", ""website"": ""https://www.ziplyfiber.com""}"
14268,no_ixp,"{""available_voltage_services"": [""48 VDC""], ""city"": ""Tigard"", ""country"": ""US"", ""id"": 14268, ""ix_count"": 0, ""latitude"": 45.42558, ""longitude"": -122.768572, ""name"": ""TGRDORXA - Tigard Central Office"", ""net_count"": 1, ""state"": ""OR"", ""status"": ""ok"", ""updated"": ""2025-09-26T23:03:30Z"", ""website"": ""https://www.ziplyfiber.com""}"
14269,no_ixp,"{""available_voltage_services"": [""48 VDC"", ""480 VAC""], ""city"": ""Kennewick"", ""country"": ""US"", ""id"": 14269, ""ix_count"": 0, ""latitude"": 46.212947, ""longitude"": -119.187198, ""name"": ""KNWCWAXA - Kennewick Central Office"", ""net_count"": 1, ""state"": ""WA"", ""status"": ""ok"", ""updated"": ""2026-04-24T02:45:31Z"", ""website"": ""https://www.ziplyfiber.com""}"
14270,no_ixp,"{""available_voltage_services"": [""48 VDC"", ""480 VAC""], ""city"": ""Everett"", ""country"": ""US"", ""id"": 14270, ""ix_count"": 0, ""latitude"": 47.921151, ""longitude"": -122.226913, ""name"": ""EVRTWAXA - Everett Primary Central Office"", ""net_count"": 1, ""state"": ""WA"", ""status"": ""ok"", ""updated"": ""2026-04-24T02:43:54Z"", ""website"": ""https://www.ziplyfiber.com""}"
14272,no_ixp,"{""available_voltage_services"": [""48 VDC"", ""480 VAC""], ""city"": ""Bothell"", ""country"": ""US"", ""id"": 14272, ""ix_count"": 0, ""latitude"": 47.790938, ""longitude"": -122.201932, ""name"": ""BOTHWAXB - Bothell Central Office"", ""net_count"": 1, ""state"": ""WA"", ""status"": ""ok"", ""updated"": ""2025-09-26T23:03:31Z"", ""website"": ""https://www.ziplyfiber.com""}"
14273,no_ixp,"{""available_voltage_services"": [""48 VDC""], ""city"": ""Coeur d'Alene"", ""country"": ""US"", ""id"": 14273, ""ix_count"": 0, ""latitude"": 47.696497, ""longitude"": -116.787537, ""name"": ""CRALIDXX - Coeur d'Alene Central Office"", ""net_count"": 1, ""state"": ""ID"", ""status"": ""ok"", ""updated"": ""2025-09-26T23:03:31Z"", ""website"": ""https://www.ziplyfiber.com""}"
14341,no_ixp,"{""available_voltage_services"": [""48 VDC"", ""480 VAC""], ""city"": ""Myrtle Beach"", ""country"": ""US"", ""id"": 14341, ""ix_count"": 0, ""latitude"": 33.674793, ""longitude"": -78.942594, ""name"": ""DC BLOX MYR1 - DCBLOX Myrtle Beach"", ""net_count"": 1, ""state"": ""SC"", ""status"": ""ok"", ""updated"": ""2025-09-26T23:03:42Z"", ""website"": ""http://www.dcblox.com""}"
14342,no_ixp,"{""city"": ""Arlington Heights"", ""country"": ""US"", ""id"": 14342, ""ix_count"": 0, ""latitude"": 42.040442, ""longitude"": -87.976151, ""name"": ""GigeNET CHI3"", ""net_count"": 1, ""state"": ""IL"", ""status"": ""ok"", ""updated"": ""2025-09-26T23:03:42Z"", ""website"": ""http://www.gigenet.com""}"
14343,no_ixp,"{""available_voltage_services"": [""48 VDC""], ""city"": ""Sylva"", ""country"": ""US"", ""id"": 14343, ""ix_count"": 0, ""latitude"": 35.350076, ""longitude"": -83.208476, ""name"": ""Bonnie Lane"", ""net_count"": 0, ""state"": ""NC"", ""status"": ""ok"", ""updated"": ""2025-09-26T23:03:42Z"", ""website"": ""http://www.balsamwest.net""}"
14379,no_ixp,"{""available_voltage_services"": [""480 VAC""], ""city"": ""Kansas City"", ""country"": ""US"", ""id"": 14379, ""ix_count"": 0, ""latitude"": 39.104854, ""longitude"": -94.568004, ""name"": ""ProRacks Datacenter- Kansas City"", ""net_count"": 0, ""state"": ""MO"", ""status"": ""ok"", ""updated"": ""2025-09-26T23:03:51Z"", ""website"": """"}"
14479,no_ixp,"{""available_voltage_services"": [""480 VAC""], ""city"": ""Pittsburgh"", ""country"": ""US"", ""id"": 14479, ""ix_count"": 0, ""latitude"": 40.46531, ""longitude"": -79.946682, ""name"": ""aspStation, Inc."", ""net_count"": 0, ""state"": ""PA"", ""status"": ""ok"", ""updated"": ""2025-09-26T23:04:10Z"", ""website"": ""https://aspstation.net/""}"
14488,no_ixp,"{""available_voltage_services"": [""400 VAC"", ""480 VAC""], ""city"": ""Fort Worth"", ""country"": ""US"", ""id"": 14488, ""ix_count"": 0, ""latitude"": 32.979657, ""longitude"": -97.252306, ""name"": ""TierPoint Dallas Forth Worth"", ""net_count"": 2, ""state"": ""TX"", ""status"": ""ok"", ""updated"": ""2025-09-26T23:04:12Z"", ""website"": ""http://www.tierpoint.com""}"
14565,no_ixp,"{""city"": ""Columbus"", ""country"": ""US"", ""id"": 14565, ""ix_count"": 0, ""latitude"": 40.118438, ""longitude"": -82.999997, ""name"": ""Cologix COL4"", ""net_count"": 0, ""state"": ""OH"", ""status"": ""ok"", ""updated"": ""2025-09-26T23:04:25Z"", ""website"": ""https://www.cologix.com""}"
14750,no_ixp,"{""city"": ""Tampa"", ""country"": ""US"", ""id"": 14750, ""ix_count"": 0, ""latitude"": 27.949606, ""longitude"": -82.458393, ""name"": ""Carrier Core - Tampa"", ""net_count"": 5, ""state"": ""FL"", ""status"": ""ok"", ""updated"": ""2025-09-26T23:04:59Z"", ""website"": ""https://www.carriercore.net""}"
14769,no_ixp,"{""city"": ""Oklahoma City"", ""country"": ""US"", ""id"": 14769, ""ix_count"": 0, ""latitude"": 35.61718, ""longitude"": -97.572301, ""name"": ""Midcon Recovery Solutions B3 Data Center"", ""net_count"": 1, ""state"": ""OK"", ""status"": ""ok"", ""updated"": ""2025-09-26T23:05:03Z"", ""website"": """"}"
14784,no_ixp,"{""city"": ""Byron Center"", ""country"": ""US"", ""id"": 14784, ""ix_count"": 0, ""latitude"": 42.825329, ""longitude"": -85.672664, ""name"": ""US Signal - Grand Rapids South"", ""net_count"": 2, ""state"": ""MI"", ""status"": ""ok"", ""updated"": ""2025-09-26T23:05:07Z"", ""website"": """"}"
14834,no_ixp,"{""city"": ""Detroit"", ""country"": ""US"", ""id"": 14834, ""ix_count"": 0, ""latitude"": 42.32854, ""longitude"": -83.053799, ""name"": ""Raeden Michigan 1"", ""net_count"": 0, ""state"": ""MI"", ""status"": ""ok"", ""updated"": ""2025-09-26T23:05:17Z"", ""website"": ""https://raeden.com/""}"
14869,no_ixp,"{""city"": ""Ashburn"", ""country"": ""US"", ""id"": 14869, ""ix_count"": 0, ""latitude"": 39.016494, ""longitude"": -77.459262, ""name"": ""RC Solutions"", ""net_count"": 0, ""state"": ""VA"", ""status"": ""ok"", ""updated"": ""2025-09-26T23:05:23Z"", ""website"": ""http://www.rootcloud.io""}"
14871,no_ixp,"{""city"": ""Norwood"", ""country"": ""US"", ""id"": 14871, ""ix_count"": 0, ""latitude"": 39.160536, ""longitude"": -84.44869, ""name"": ""Encore Technologies NOR1"", ""net_count"": 0, ""state"": ""OH"", ""status"": ""ok"", ""updated"": ""2025-09-26T23:05:24Z"", ""website"": ""https://encore.tech/""}"
14872,no_ixp,"{""city"": ""Blueash"", ""country"": ""US"", ""id"": 14872, ""ix_count"": 0, ""latitude"": 39.277612, ""longitude"": -84.36949, ""name"": ""Encore Technologies BLU1"", ""net_count"": 0, ""state"": ""OH"", ""status"": ""ok"", ""updated"": ""2025-09-26T23:05:24Z"", ""website"": ""https://encore.tech/""}"
14873,no_ixp,"{""city"": ""Miamisburg"", ""country"": ""US"", ""id"": 14873, ""ix_count"": 0, ""latitude"": 39.616231, ""longitude"": -84.229032, ""name"": ""Encore Technologies MSB1"", ""net_count"": 0, ""state"": ""OH"", ""status"": ""ok"", ""updated"": ""2025-09-26T23:05:24Z"", ""website"": ""https://encore.tech/""}"
14878,no_ixp,"{""city"": ""Bayamon"", ""country"": ""US"", ""id"": 14878, ""ix_count"": 0, ""latitude"": 18.398479, ""longitude"": -66.156217, ""name"": ""Fusetelecom Data Center"", ""net_count"": 1, ""state"": ""PR"", ""status"": ""ok"", ""updated"": ""2025-09-26T23:05:24Z"", ""website"": ""https://www.fusetelecom.com/""}"
14908,no_ixp,"{""city"": ""Kansas City"", ""country"": ""US"", ""id"": 14908, ""ix_count"": 0, ""latitude"": 39.101199, ""longitude"": -94.578884, ""name"": ""IP Pathways KC1"", ""net_count"": 1, ""state"": ""MO"", ""status"": ""ok"", ""updated"": ""2025-09-26T23:05:29Z"", ""website"": ""http://www.ippathways.com""}"
14920,no_ixp,"{""available_voltage_services"": [""400 VAC""], ""city"": ""Ellendale"", ""country"": ""US"", ""id"": 14920, ""ix_count"": 0, ""latitude"": 46.012816, ""longitude"": -98.569881, ""name"": ""ELN02"", ""net_count"": 0, ""state"": ""ND"", ""status"": ""ok"", ""updated"": ""2025-09-26T23:05:31Z"", ""website"": """"}"
14952,no_ixp,"{""city"": ""Ashburn"", ""country"": ""US"", ""id"": 14952, ""ix_count"": 0, ""latitude"": 39.008455, ""longitude"": -77.467576, ""name"": ""RC-Facility"", ""net_count"": 0, ""state"": ""VA"", ""status"": ""ok"", ""updated"": ""2025-09-26T23:05:37Z"", ""website"": ""http://www.rootcloud.io""}"
14982,no_ixp,"{""city"": ""Cedar Falls"", ""country"": ""US"", ""id"": 14982, ""ix_count"": 0, ""latitude"": 42.474028, ""longitude"": -92.458755, ""name"": ""Cologix DSM2"", ""net_count"": 2, ""state"": ""IA"", ""status"": ""ok"", ""updated"": ""2025-09-26T23:05:42Z"", ""website"": ""https://www.cologix.com""}"
14986,no_ixp,"{""city"": ""Minneapolis"", ""country"": ""US"", ""id"": 14986, ""ix_count"": 0, ""latitude"": 44.971408, ""longitude"": -93.25458, ""name"": ""Cologix MIN5"", ""net_count"": 0, ""state"": ""MN"", ""status"": ""ok"", ""updated"": ""2025-09-26T23:05:43Z"", ""website"": ""https://www.cologix.com""}"
15013,no_ixp,"{""city"": ""Spencer"", ""country"": ""US"", ""id"": 15013, ""ix_count"": 0, ""latitude"": 43.112257, ""longitude"": -95.120631, ""name"": ""South Spencer Aureon hut"", ""net_count"": 2, ""state"": ""IA"", ""status"": ""ok"", ""updated"": ""2025-09-26T23:05:48Z"", ""website"": ""http://www.aureon.com""}"
15090,no_ixp,"{""available_voltage_services"": [""48 VDC"", ""400 VAC"", ""480 VAC""], ""city"": ""Lynn"", ""country"": ""US"", ""id"": 15090, ""ix_count"": 0, ""latitude"": 42.45957, ""longitude"": -70.960773, ""name"": ""EXA CLS Lynn"", ""net_count"": 1, ""state"": ""MA"", ""status"": ""ok"", ""updated"": ""2025-09-26T23:06:02Z"", ""website"": ""https://exainfra.net""}"
15092,no_ixp,"{""city"": ""Jersey City"", ""country"": ""US"", ""id"": 15092, ""ix_count"": 0, ""latitude"": 40.726366, ""longitude"": -74.033696, ""name"": ""Dataverge Jersey City"", ""net_count"": 6, ""state"": ""NJ"", ""status"": ""ok"", ""updated"": ""2025-09-26T23:06:03Z"", ""website"": ""https://www.dataverge.com""}"
15215,no_ixp,"{""available_voltage_services"": [""48 VDC"", ""480 VAC""], ""city"": ""Hulbert"", ""country"": ""US"", ""id"": 15215, ""ix_count"": 0, ""latitude"": 35.931102, ""longitude"": -95.134992, ""name"": ""Lake Region Technology & Communications"", ""net_count"": 1, ""state"": ""OK"", ""status"": ""ok"", ""updated"": ""2025-09-26T23:06:28Z"", ""website"": ""https://www.lakeregionfiber.com""}"
15240,no_ixp,"{""city"": ""New York"", ""country"": ""US"", ""id"": 15240, ""ix_count"": 0, ""latitude"": 40.74331, ""longitude"": -74.007932, ""name"": ""Metanet New York Data Center CHELSEA"", ""net_count"": 2, ""state"": ""NY"", ""status"": ""ok"", ""updated"": ""2025-09-26T23:06:32Z"", ""website"": ""https://metanet.com""}"
15241,no_ixp,"{""city"": ""Staten Island"", ""country"": ""US"", ""id"": 15241, ""ix_count"": 0, ""latitude"": 40.603355, ""longitude"": -74.181099, ""name"": ""Metanet New York Data Center Staten Island"", ""net_count"": 4, ""state"": ""NY"", ""status"": ""ok"", ""updated"": ""2025-09-26T23:06:32Z"", ""website"": ""https://metanet.com""}"
15242,no_ixp,"{""city"": ""New York"", ""country"": ""US"", ""id"": 15242, ""ix_count"": 0, ""latitude"": 40.741491, ""longitude"": -74.003389, ""name"": ""Metanet New York Data Center GOOGLEPLEX"", ""net_count"": 1, ""state"": ""NY"", ""status"": ""ok"", ""updated"": ""2025-09-26T23:06:33Z"", ""website"": ""https://metanet.com""}"
15243,no_ixp,"{""city"": ""New York"", ""country"": ""US"", ""id"": 15243, ""ix_count"": 0, ""latitude"": 40.741469, ""longitude"": -74.003387, ""name"": ""Interphase Data Center New York I"", ""net_count"": 1, ""state"": ""NY"", ""status"": ""ok"", ""updated"": ""2025-09-26T23:06:33Z"", ""website"": ""https://nationwidebandwidth.com""}"
15252,no_ixp,"{""city"": ""Menasha"", ""country"": ""US"", ""id"": 15252, ""ix_count"": 0, ""latitude"": 44.207099, ""longitude"": -88.345585, ""name"": ""ark data centers - Green Bay, WI"", ""net_count"": 1, ""state"": ""WI"", ""status"": ""ok"", ""updated"": ""2025-09-26T23:06:34Z"", ""website"": ""https://www.arkdna.com""}"
15276,no_ixp,"{""city"": ""New York"", ""country"": ""US"", ""id"": 15276, ""ix_count"": 0, ""latitude"": 40.74331, ""longitude"": -74.007932, ""name"": ""Interphase Data Center New York II"", ""net_count"": 0, ""state"": ""NY"", ""status"": ""ok"", ""updated"": ""2025-09-26T23:06:38Z"", ""website"": ""https://nationwidebandwidth.com""}"
15283,no_ixp,"{""city"": ""Miami"", ""country"": ""US"", ""id"": 15283, ""ix_count"": 0, ""latitude"": 25.782365, ""longitude"": -80.19313, ""name"": ""3HCloud - MIA-2"", ""net_count"": 0, ""state"": ""FL"", ""status"": ""ok"", ""updated"": ""2025-09-26T23:06:39Z"", ""website"": ""https://3hcloud.com""}"
15284,no_ixp,"{""city"": ""Dallas"", ""country"": ""US"", ""id"": 15284, ""ix_count"": 0, ""latitude"": 32.827345, ""longitude"": -96.873974, ""name"": ""3HCloud - DFW-1"", ""net_count"": 0, ""state"": ""TX"", ""status"": ""ok"", ""updated"": ""2025-09-26T23:06:40Z"", ""website"": ""https://3hcloud.com""}"
15285,no_ixp,"{""city"": ""San Francisco"", ""country"": ""US"", ""id"": 15285, ""ix_count"": 0, ""latitude"": 37.788637, ""longitude"": -122.390676, ""name"": ""3HCloud - SFO-1"", ""net_count"": 0, ""state"": ""CA"", ""status"": ""ok"", ""updated"": ""2025-09-26T23:06:40Z"", ""website"": ""https://3hcloud.com""}"
15455,no_ixp,"{""city"": ""Canton"", ""country"": ""US"", ""id"": 15455, ""ix_count"": 0, ""latitude"": 40.800863, ""longitude"": -81.374423, ""name"": ""LSTI 401 Market"", ""net_count"": 1, ""state"": ""OH"", ""status"": ""ok"", ""updated"": ""2025-09-26T23:07:03Z"", ""website"": ""http://www.lsti.net""}"
15548,no_ixp,"{""city"": ""St Louis"", ""country"": ""US"", ""id"": 15548, ""ix_count"": 0, ""latitude"": 38.633537, ""longitude"": -90.21267, ""name"": ""TierPoint St. Louis - Locust"", ""net_count"": 1, ""state"": ""MO"", ""status"": ""ok"", ""updated"": ""2025-09-26T23:07:24Z"", ""website"": ""http://www.tierpoint.com""}"
15560,no_ixp,"{""available_voltage_services"": [""480 VAC""], ""city"": ""Medina"", ""country"": ""US"", ""id"": 15560, ""ix_count"": 0, ""latitude"": 41.137371, ""longitude"": -81.701097, ""name"": ""LightSpeed Hosting - Medina"", ""net_count"": 0, ""state"": ""OH"", ""status"": ""ok"", ""updated"": ""2025-09-26T23:07:26Z"", ""website"": ""https://www.lightspeedhosting.com""}"
15589,no_ixp,"{""city"": ""Kansas City"", ""country"": ""US"", ""id"": 15589, ""ix_count"": 0, ""latitude"": 39.090638, ""longitude"": -94.568428, ""name"": ""Lumen Kansas City"", ""net_count"": 1, ""state"": ""MO"", ""status"": ""ok"", ""updated"": ""2025-09-26T23:07:31Z"", ""website"": ""http://www.lumen.com/""}"
15590,no_ixp,"{""city"": ""San Antonio"", ""country"": ""US"", ""id"": 15590, ""ix_count"": 0, ""latitude"": 29.475675, ""longitude"": -98.390801, ""name"": ""Lumen San Antonio 1"", ""net_count"": 2, ""state"": ""TX"", ""status"": ""ok"", ""updated"": ""2025-09-26T23:07:31Z"", ""website"": ""http://www.lumen.com/""}"
15594,no_ixp,"{""city"": ""Detroit"", ""country"": ""US"", ""id"": 15594, ""ix_count"": 0, ""latitude"": 42.330743, ""longitude"": -83.055773, ""name"": ""Cogent Detroit"", ""net_count"": 3, ""state"": ""MI"", ""status"": ""ok"", ""updated"": ""2025-09-26T23:07:32Z"", ""website"": ""http://www.cogentco.com""}"
15599,no_ixp,"{""city"": ""Mount Prospect"", ""country"": ""US"", ""id"": 15599, ""ix_count"": 0, ""latitude"": 42.078443, ""longitude"": -87.915648, ""name"": ""Apotech"", ""net_count"": 2, ""state"": ""IL"", ""status"": ""ok"", ""updated"": ""2025-09-26T23:07:32Z"", ""website"": ""https://apotechgroup.com""}"
15668,no_ixp,"{""available_voltage_services"": [""480 VAC""], ""city"": ""Silver Spring"", ""country"": ""US"", ""id"": 15668, ""ix_count"": 0, ""latitude"": 38.993843, ""longitude"": -77.027705, ""name"": ""Atlantech Online - Silver Spring, MD"", ""net_count"": 1, ""state"": ""MD"", ""status"": ""ok"", ""updated"": ""2025-09-26T23:07:39Z"", ""website"": ""http://www.atlantech.net""}"
15701,no_ixp,"{""available_voltage_services"": [""48 VDC"", ""480 VAC""], ""city"": ""Carlstadt"", ""country"": ""US"", ""id"": 15701, ""ix_count"": 0, ""latitude"": 40.827949, ""longitude"": -74.049418, ""name"": ""365 Data Centers Carlstadt (NJ3)"", ""net_count"": 4, ""state"": ""NJ"", ""status"": ""ok"", ""updated"": ""2025-09-26T23:07:44Z"", ""website"": ""http://365datacenters.com""}"
15844,no_ixp,"{""available_voltage_services"": [""48 VDC""], ""city"": ""Baton Rouge"", ""country"": ""US"", ""id"": 15844, ""ix_count"": 0, ""latitude"": 30.452287, ""longitude"": -91.115571, ""name"": ""DartPoints Baton Rouge, LA - BTR2"", ""net_count"": 2, ""state"": ""LA"", ""status"": ""ok"", ""updated"": ""2025-09-26T23:08:15Z"", ""website"": ""https://dartpoints.com/""}"
15861,no_ixp,"{""city"": ""Atlanta"", ""country"": ""US"", ""id"": 15861, ""ix_count"": 0, ""latitude"": 33.762044, ""longitude"": -84.387804, ""name"": ""Southern Telecom"", ""net_count"": 1, ""state"": ""GA"", ""status"": ""ok"", ""updated"": ""2025-09-26T23:08:17Z"", ""website"": """"}"
15862,no_ixp,"{""city"": ""Binghamton"", ""country"": ""US"", ""id"": 15862, ""ix_count"": 0, ""latitude"": 42.100956, ""longitude"": -75.909021, ""name"": ""70 Henry St"", ""net_count"": 2, ""state"": ""NY"", ""status"": ""ok"", ""updated"": ""2025-09-26T23:08:17Z"", ""website"": ""https://www.tier.net""}"
15892,no_ixp,"{""city"": ""Shreveport"", ""country"": ""US"", ""id"": 15892, ""ix_count"": 0, ""latitude"": 32.511085, ""longitude"": -93.749942, ""name"": ""DartPoints Shreveport, LA - SHV1"", ""net_count"": 3, ""state"": ""LA"", ""status"": ""ok"", ""updated"": ""2025-09-26T23:08:24Z"", ""website"": ""https://dartpoints.com/""}"
16034,no_ixp,"{""city"": ""Monticello"", ""country"": ""US"", ""id"": 16034, ""ix_count"": 0, ""latitude"": 42.284076, ""longitude"": -91.092129, ""name"": ""USSHC"", ""net_count"": 1, ""state"": ""IA"", ""status"": ""ok"", ""updated"": ""2025-09-26T23:08:47Z"", ""website"": """"}"
16042,no_ixp,"{""city"": ""Quincy"", ""country"": ""US"", ""id"": 16042, ""ix_count"": 0, ""latitude"": 47.247916, ""longitude"": -119.824924, ""name"": ""H5 Data Centers Quincy 2/3"", ""net_count"": 0, ""state"": ""WA"", ""status"": ""ok"", ""updated"": ""2025-09-26T23:08:48Z"", ""website"": ""http://h5datacenters.com/""}"
16043,no_ixp,"{""city"": ""La Vista"", ""country"": ""US"", ""id"": 16043, ""ix_count"": 0, ""latitude"": 41.180701, ""longitude"": -96.084974, ""name"": ""H5 Data Centers Omaha"", ""net_count"": 0, ""state"": ""NE"", ""status"": ""ok"", ""updated"": ""2025-09-26T23:08:48Z"", ""website"": ""http://h5datacenters.com/""}"
16044,no_ixp,"{""city"": ""Lockport"", ""country"": ""US"", ""id"": 16044, ""ix_count"": 0, ""latitude"": 43.167553, ""longitude"": -78.751731, ""name"": ""H5 Data Centers Buffalo I"", ""net_count"": 0, ""state"": ""NY"", ""status"": ""ok"", ""updated"": ""2025-09-26T23:08:49Z"", ""website"": ""http://h5datacenters.com/""}"
16045,no_ixp,"{""city"": ""Lockport"", ""country"": ""US"", ""id"": 16045, ""ix_count"": 0, ""latitude"": 43.169757, ""longitude"": -78.748743, ""name"": ""H5 Data Centers Buffalo II"", ""net_count"": 0, ""state"": ""NY"", ""status"": ""ok"", ""updated"": ""2025-09-26T23:08:49Z"", ""website"": ""http://h5datacenters.com/""}"
16062,no_ixp,"{""city"": ""Boulder"", ""country"": ""US"", ""id"": 16062, ""ix_count"": 0, ""latitude"": 40.017695, ""longitude"": -105.277335, ""name"": ""BLDR-1919"", ""net_count"": 0, ""state"": ""CO"", ""status"": ""ok"", ""updated"": ""2025-09-26T23:08:53Z"", ""website"": ""https://www.massivenetworks.com""}"
16125,no_ixp,"{""available_voltage_services"": [""48 VDC"", ""480 VAC""], ""city"": ""Philadelphia"", ""country"": ""US"", ""id"": 16125, ""ix_count"": 0, ""latitude"": 39.962369, ""longitude"": -75.163734, ""name"": ""365 Data Centers Buffalo (PA1)"", ""net_count"": 0, ""state"": ""PA"", ""status"": ""ok"", ""updated"": ""2025-09-26T23:09:04Z"", ""website"": ""http://365datacenters.com""}"
16128,no_ixp,"{""available_voltage_services"": [""48 VDC"", ""480 VAC""], ""city"": ""Aurora"", ""country"": ""US"", ""id"": 16128, ""ix_count"": 0, ""latitude"": 39.762184, ""longitude"": -104.760923, ""name"": ""365 Data Centers Aurora (CO1)"", ""net_count"": 0, ""state"": ""CO"", ""status"": ""ok"", ""updated"": ""2025-09-26T23:09:05Z"", ""website"": ""http://365datacenters.com""}"
16129,no_ixp,"{""available_voltage_services"": [""48 VDC"", ""480 VAC""], ""city"": ""Marlboro"", ""country"": ""US"", ""id"": 16129, ""ix_count"": 0, ""latitude"": 42.352468, ""longitude"": -71.586082, ""name"": ""365 Data Centers Marlboro (MA1)"", ""net_count"": 1, ""state"": ""MA"", ""status"": ""ok"", ""updated"": ""2025-09-26T23:09:05Z"", ""website"": ""http://365datacenters.com""}"
16130,no_ixp,"{""city"": ""Rancho Cordova"", ""country"": ""US"", ""id"": 16130, ""ix_count"": 0, ""latitude"": 38.596063, ""longitude"": -121.272644, ""name"": ""365 Data Centers Rancho Cordova (CA1)"", ""net_count"": 0, ""state"": ""CA"", ""status"": ""ok"", ""updated"": ""2025-09-26T23:09:06Z"", ""website"": ""http://365datacenters.com""}"
16131,no_ixp,"{""city"": ""Richardson"", ""country"": ""US"", ""id"": 16131, ""ix_count"": 0, ""latitude"": 32.976121, ""longitude"": -96.707323, ""name"": ""365 Data Centers Richardson (TX1)"", ""net_count"": 4, ""state"": ""TX"", ""status"": ""ok"", ""updated"": ""2025-09-26T23:09:06Z"", ""website"": ""http://365datacenters.com""}"
16132,no_ixp,"{""city"": ""Smyrna"", ""country"": ""US"", ""id"": 16132, ""ix_count"": 0, ""latitude"": 33.841159, ""longitude"": -84.522407, ""name"": ""365 Data Centers Smyrna (GA2)"", ""net_count"": 0, ""state"": ""GA"", ""status"": ""ok"", ""updated"": ""2025-09-26T23:09:06Z"", ""website"": ""http://365datacenters.com""}"
16151,invalid_coordinates,"{""city"": ""Tokyo"", ""country"": ""US"", ""id"": 16151, ""ix_count"": 0, ""latitude"": null, ""longitude"": null, ""name"": ""DREAM CLOUD Tokyo #1"", ""net_count"": 0, ""state"": """", ""status"": ""ok"", ""updated"": ""2025-09-26T23:09:09Z"", ""website"": ""https://as211392.com""}"
16184,no_ixp,"{""city"": ""San Jose"", ""country"": ""US"", ""id"": 16184, ""ix_count"": 0, ""latitude"": 37.33417, ""longitude"": -121.891703, ""name"": ""Hurricane Electric San Jose 1"", ""net_count"": 2, ""state"": ""CA"", ""status"": ""ok"", ""updated"": ""2025-09-26T23:09:13Z"", ""website"": ""http://he.net""}"
16207,no_ixp,"{""city"": ""Omaha"", ""country"": ""US"", ""id"": 16207, ""ix_count"": 0, ""latitude"": 41.25737, ""longitude"": -95.938164, ""name"": ""1623 Farmam"", ""net_count"": 2, ""state"": ""NE"", ""status"": ""ok"", ""updated"": ""2025-09-26T23:09:18Z"", ""website"": ""http://fmtcnet.com""}"
16291,no_ixp,"{""available_voltage_services"": [""48 VDC""], ""city"": ""New York"", ""country"": ""US"", ""id"": 16291, ""ix_count"": 0, ""latitude"": 40.717729, ""longitude"": -74.008306, ""name"": ""Metanet New York Data Center 60 HUDSON"", ""net_count"": 1, ""state"": ""NY"", ""status"": ""ok"", ""updated"": ""2025-09-26T23:09:28Z"", ""website"": ""https://metanet.com""}"
16321,no_ixp,"{""city"": ""Tukwila"", ""country"": ""US"", ""id"": 16321, ""ix_count"": 0, ""latitude"": 47.493158, ""longitude"": -122.293832, ""name"": ""Wowrack Datacenter - Tukwila"", ""net_count"": 4, ""state"": ""WA"", ""status"": ""ok"", ""updated"": ""2025-09-26T23:09:31Z"", ""website"": ""https://www.wowrack.com""}"
16353,no_ixp,"{""available_voltage_services"": [""48 VDC""], ""city"": ""Springfield"", ""country"": ""US"", ""id"": 16353, ""ix_count"": 0, ""latitude"": 42.112956, ""longitude"": -72.583699, ""name"": ""Cogent Springfield MA"", ""net_count"": 0, ""state"": ""MA"", ""status"": ""ok"", ""updated"": ""2025-09-26T23:09:34Z"", ""website"": ""http://www.cogentco.com""}"
16370,no_ixp,"{""available_voltage_services"": [""48 VDC"", ""480 VAC""], ""city"": ""Overland Park"", ""country"": ""US"", ""id"": 16370, ""ix_count"": 0, ""latitude"": 38.962363, ""longitude"": -94.714725, ""name"": ""WANSEC DC16"", ""net_count"": 0, ""state"": ""KS"", ""status"": ""ok"", ""updated"": ""2025-09-26T23:09:36Z"", ""website"": ""https://www.wansec.com""}"
16383,no_ixp,"{""available_voltage_services"": [""48 VDC"", ""480 VAC""], ""city"": ""Yakima"", ""country"": ""US"", ""id"": 16383, ""ix_count"": 0, ""latitude"": 46.604852, ""longitude"": -120.493644, ""name"": ""YAKMWAFP - Wholesail Yakima"", ""net_count"": 0, ""state"": ""WA"", ""status"": ""ok"", ""updated"": ""2025-09-26T23:09:38Z"", ""website"": ""https://www.ziplyfiber.com""}"
16395,no_ixp,"{""city"": ""Fargo"", ""country"": ""US"", ""id"": 16395, ""ix_count"": 0, ""latitude"": 46.8141, ""longitude"": -96.841621, ""name"": ""DCN Dakota Carrier Networks"", ""net_count"": 2, ""state"": ""ND"", ""status"": ""ok"", ""updated"": ""2025-09-26T23:09:39Z"", ""website"": ""https://dakotacarrier.com/""}"
16396,no_ixp,"{""city"": ""Bismarck"", ""country"": ""US"", ""id"": 16396, ""ix_count"": 0, ""latitude"": 46.851773, ""longitude"": -100.78185, ""name"": ""DCN Dakota Carrier Networks Bismarck"", ""net_count"": 2, ""state"": ""ND"", ""status"": ""ok"", ""updated"": ""2025-09-26T23:09:39Z"", ""website"": ""https://dakotacarrier.com/""}"
16422,no_ixp,"{""city"": ""Houston"", ""country"": ""US"", ""id"": 16422, ""ix_count"": 0, ""latitude"": 29.944087, ""longitude"": -95.416408, ""name"": ""Cogent Houston"", ""net_count"": 0, ""state"": ""TX"", ""status"": ""ok"", ""updated"": ""2025-09-26T23:09:42Z"", ""website"": ""http://www.cogentco.com""}"
16443,no_ixp,"{""available_voltage_services"": [""48 VDC"", ""400 VAC"", ""480 VAC""], ""city"": ""Akron"", ""country"": ""US"", ""id"": 16443, ""ix_count"": 0, ""latitude"": 41.087427, ""longitude"": -81.513895, ""name"": ""Cogent Akron"", ""net_count"": 1, ""state"": ""OH"", ""status"": ""ok"", ""updated"": ""2025-09-26T23:09:44Z"", ""website"": ""http://www.cogentco.com""}"
16444,no_ixp,"{""city"": ""Atlanta"", ""country"": ""US"", ""id"": 16444, ""ix_count"": 0, ""latitude"": 33.722413, ""longitude"": -84.412569, ""name"": ""Cogent Atlanta 2"", ""net_count"": 0, ""state"": ""GA"", ""status"": ""ok"", ""updated"": ""2025-09-26T23:09:44Z"", ""website"": ""http://www.cogentco.com""}"
16445,no_ixp,"{""city"": ""Austin"", ""country"": ""US"", ""id"": 16445, ""ix_count"": 0, ""latitude"": 30.209234, ""longitude"": -97.697975, ""name"": ""Cogent Austin"", ""net_count"": 1, ""state"": ""TX"", ""status"": ""ok"", ""updated"": ""2025-09-26T23:09:44Z"", ""website"": ""http://www.cogentco.com""}"
16446,no_ixp,"{""city"": ""Elkridge"", ""country"": ""US"", ""id"": 16446, ""ix_count"": 0, ""latitude"": 39.203469, ""longitude"": -76.712389, ""name"": ""Cogent Elkridge"", ""net_count"": 0, ""state"": ""MD"", ""status"": ""ok"", ""updated"": ""2025-09-26T23:09:44Z"", ""website"": ""http://www.cogentco.com""}"
16447,no_ixp,"{""city"": ""Billings"", ""country"": ""US"", ""id"": 16447, ""ix_count"": 0, ""latitude"": 45.740895, ""longitude"": -108.591913, ""name"": ""Cogent Billings"", ""net_count"": 1, ""state"": ""MT"", ""status"": ""ok"", ""updated"": ""2025-09-26T23:09:45Z"", ""website"": ""http://www.cogentco.com""}"
16448,no_ixp,"{""city"": ""Buffalo"", ""country"": ""US"", ""id"": 16448, ""ix_count"": 0, ""latitude"": 42.881232, ""longitude"": -78.846588, ""name"": ""Cogent Buffalo"", ""net_count"": 0, ""state"": ""NY"", ""status"": ""ok"", ""updated"": ""2025-09-26T23:09:45Z"", ""website"": ""http://www.cogentco.com""}"
16452,no_ixp,"{""city"": ""Charlotte"", ""country"": ""US"", ""id"": 16452, ""ix_count"": 0, ""latitude"": 35.222097, ""longitude"": -80.836767, ""name"": ""Cogent Charlotte"", ""net_count"": 0, ""state"": ""NC"", ""status"": ""ok"", ""updated"": ""2025-09-26T23:09:45Z"", ""website"": ""http://www.cogentco.com""}"
16453,no_ixp,"{""city"": ""Charlotte"", ""country"": ""US"", ""id"": 16453, ""ix_count"": 0, ""latitude"": 35.221028, ""longitude"": -80.858282, ""name"": ""Cogent Charlotte 2"", ""net_count"": 0, ""state"": ""NC"", ""status"": ""ok"", ""updated"": ""2025-09-26T23:09:45Z"", ""website"": ""http://www.cogentco.com""}"
16454,no_ixp,"{""city"": ""Cheyenne"", ""country"": ""US"", ""id"": 16454, ""ix_count"": 0, ""latitude"": 41.127922, ""longitude"": -104.811619, ""name"": ""Cogent Cheyenne"", ""net_count"": 0, ""state"": ""WY"", ""status"": ""ok"", ""updated"": ""2025-09-26T23:09:45Z"", ""website"": ""http://www.cogentco.com""}"
16455,no_ixp,"{""city"": ""Chicago"", ""country"": ""US"", ""id"": 16455, ""ix_count"": 0, ""latitude"": 41.819974, ""longitude"": -87.728896, ""name"": ""Cogent Chicago 3"", ""net_count"": 0, ""state"": ""IL"", ""status"": ""ok"", ""updated"": ""2025-09-26T23:09:45Z"", ""website"": ""http://www.cogentco.com""}"
16456,no_ixp,"{""city"": ""Cleveland"", ""country"": ""US"", ""id"": 16456, ""ix_count"": 0, ""latitude"": 41.484768, ""longitude"": -81.674771, ""name"": ""Cogent Cleveland 2"", ""net_count"": 1, ""state"": ""OH"", ""status"": ""ok"", ""updated"": ""2025-09-26T23:09:46Z"", ""website"": ""http://www.cogentco.com""}"
16457,no_ixp,"{""city"": ""Columbus"", ""country"": ""US"", ""id"": 16457, ""ix_count"": 0, ""latitude"": 39.974016, ""longitude"": -82.998627, ""name"": ""Cogent Columbus 2"", ""net_count"": 0, ""state"": ""OH"", ""status"": ""ok"", ""updated"": ""2025-09-26T23:09:46Z"", ""website"": ""http://www.cogentco.com""}"
16467,no_ixp,"{""available_voltage_services"": [""480 VAC""], ""city"": ""Secaucus"", ""country"": ""US"", ""id"": 16467, ""ix_count"": 0, ""latitude"": 40.784289, ""longitude"": -74.064895, ""name"": ""CoreSite - Secaucus (NY3)"", ""net_count"": 1, ""state"": ""NJ"", ""status"": ""ok"", ""updated"": ""2026-07-07T22:43:17Z"", ""website"": ""http://www.coresite.com""}"
16563,no_ixp,"{""available_voltage_services"": [""48 VDC""], ""city"": ""Fayetteville"", ""country"": ""US"", ""id"": 16563, ""ix_count"": 0, ""latitude"": 33.448789, ""longitude"": -84.522289, ""name"": ""QTS Atlanta-Fayetteville (ATL2)"", ""net_count"": 0, ""state"": ""GA"", ""status"": ""ok"", ""updated"": ""2025-10-20T18:24:45Z"", ""website"": ""http://www.qtsdatacenters.com""}"
16564,no_ixp,"{""city"": ""York"", ""country"": ""US"", ""id"": 16564, ""ix_count"": 0, ""latitude"": 35.035376, ""longitude"": -81.104511, ""name"": ""QTS Charlotte (CTL1)"", ""net_count"": 0, ""state"": ""South Carolina"", ""status"": ""ok"", ""updated"": ""2025-10-20T18:25:03Z"", ""website"": ""http://www.qtsdatacenters.com""}"
16565,no_ixp,"{""city"": ""Sandston"", ""country"": ""US"", ""id"": 16565, ""ix_count"": 0, ""latitude"": 37.502016, ""longitude"": -77.260573, ""name"": ""QTS Richmond - (RIC5)"", ""net_count"": 0, ""state"": ""VA"", ""status"": ""ok"", ""updated"": ""2025-10-20T16:35:18Z"", ""website"": ""http://www.qtsdatacenters.com""}"
16587,no_ixp,"{""city"": ""Orangeburg"", ""country"": ""US"", ""id"": 16587, ""ix_count"": 0, ""latitude"": 41.040063, ""longitude"": -73.989975, ""name"": ""Databank Orangeburg (LGA3)"", ""net_count"": 2, ""state"": ""NY"", ""status"": ""ok"", ""updated"": ""2025-11-03T20:20:39Z"", ""website"": ""http://www.databank.com""}"
16588,no_ixp,"{""city"": ""Centennial"", ""country"": ""US"", ""id"": 16588, ""ix_count"": 0, ""latitude"": 39.590123, ""longitude"": -104.846655, ""name"": ""Databank Denver (DEN5)"", ""net_count"": 0, ""state"": ""CO"", ""status"": ""ok"", ""updated"": ""2025-11-03T20:19:10Z"", ""website"": ""http://www.databank.com""}"
16591,no_ixp,"{""city"": ""Houston"", ""country"": ""US"", ""id"": 16591, ""ix_count"": 0, ""latitude"": 29.84406, ""longitude"": -95.560354, ""name"": ""Databank Houston West (HOU3)"", ""net_count"": 1, ""state"": ""TX"", ""status"": ""ok"", ""updated"": ""2025-11-03T20:16:04Z"", ""website"": ""http://www.databank.com""}"
16607,no_ixp,"{""available_voltage_services"": [""480 VAC""], ""city"": ""Pittsford"", ""country"": ""US"", ""id"": 16607, ""ix_count"": 0, ""latitude"": 43.049271, ""longitude"": -77.466584, ""name"": ""PureColo ROC01 (Rochester)"", ""net_count"": 1, ""state"": ""New York"", ""status"": ""ok"", ""updated"": ""2026-09-29T20:45:21Z"", ""website"": ""https://purecolo.ca/""}"
16608,no_ixp,"{""city"": ""Durham"", ""country"": ""US"", ""id"": 16608, ""ix_count"": 0, ""latitude"": 35.895741, ""longitude"": -78.849173, ""name"": ""AceHost Durham"", ""net_count"": 0, ""state"": ""North Carolina"", ""status"": ""ok"", ""updated"": ""2025-11-03T23:06:18Z"", ""website"": ""https://acehost.com/""}"
16614,no_ixp,"{""available_voltage_services"": [""48 VDC"", ""400 VAC"", ""480 VAC""], ""city"": ""New York"", ""country"": ""US"", ""id"": 16614, ""ix_count"": 0, ""latitude"": 40.717729, ""longitude"": -74.008306, ""name"": ""QTD2 - 60 Hudson Street 1602"", ""net_count"": 2, ""state"": ""NY"", ""status"": ""ok"", ""updated"": ""2025-11-16T06:40:49Z"", ""website"": ""https://qtdsystems.com""}"
16617,no_ixp,"{""available_voltage_services"": [""48 VDC"", ""400 VAC"", ""480 VAC""], ""city"": ""New York"", ""country"": ""US"", ""id"": 16617, ""ix_count"": 0, ""latitude"": 40.717729, ""longitude"": -74.008306, ""name"": ""QTD3 - 60 Hudson Street 1901"", ""net_count"": 2, ""state"": ""NY"", ""status"": ""ok"", ""updated"": ""2025-11-16T06:40:43Z"", ""website"": ""https://qtdsystems.com""}"
16624,no_ixp,"{""city"": ""Fairfax"", ""country"": ""US"", ""id"": 16624, ""ix_count"": 0, ""latitude"": 32.963731, ""longitude"": -81.236142, ""name"": ""Cogent Fairfax"", ""net_count"": 1, ""state"": ""South Carolina"", ""status"": ""ok"", ""updated"": ""2025-11-05T06:33:07Z"", ""website"": ""http://www.cogentco.com""}"
16659,no_ixp,"{""city"": ""Franklin"", ""country"": ""US"", ""id"": 16659, ""ix_count"": 0, ""latitude"": 42.86183, ""longitude"": -87.982826, ""name"": ""CyberLynk MKE1"", ""net_count"": 1, ""state"": ""Wisconsin"", ""status"": ""ok"", ""updated"": ""2025-11-13T22:30:21Z"", ""website"": ""https://www.cyberlynk.net/""}"
16749,no_ixp,"{""city"": ""Metropolis"", ""country"": ""US"", ""id"": 16749, ""ix_count"": 0, ""latitude"": 37.151821, ""longitude"": -88.732324, ""name"": ""Quad State Internet METRO1 Colocation"", ""net_count"": 1, ""state"": ""IL"", ""status"": ""ok"", ""updated"": ""2025-12-03T19:43:54Z"", ""website"": ""https://quadstateinternet.net/""}"
16830,no_ixp,"{""available_voltage_services"": [""480 VAC""], ""city"": ""Kansas City"", ""country"": ""US"", ""id"": 16830, ""ix_count"": 0, ""latitude"": 39.094739, ""longitude"": -94.579376, ""name"": ""Patmos KC2"", ""net_count"": 0, ""state"": ""MO"", ""status"": ""ok"", ""updated"": ""2026-01-14T21:30:25Z"", ""website"": ""https://patmos.tech""}"
16941,no_ixp,"{""available_voltage_services"": [""48 VDC""], ""city"": ""Stamford"", ""country"": ""US"", ""id"": 16941, ""ix_count"": 0, ""latitude"": 41.091604, ""longitude"": -73.516758, ""name"": ""Omega CT1"", ""net_count"": 0, ""state"": ""CT"", ""status"": ""ok"", ""updated"": ""2026-02-22T23:06:21Z"", ""website"": ""https://omegasystemscorp.com/""}"
16943,no_ixp,"{""city"": ""Reading"", ""country"": ""US"", ""id"": 16943, ""ix_count"": 0, ""latitude"": 40.341233, ""longitude"": -76.005374, ""name"": ""Omega PA1"", ""net_count"": 0, ""state"": ""PA"", ""status"": ""ok"", ""updated"": ""2026-02-22T23:06:22Z"", ""website"": ""https://omegasystemscorp.com/""}"
16956,no_ixp,"{""city"": ""Rochelle"", ""country"": ""US"", ""id"": 16956, ""ix_count"": 0, ""latitude"": 41.940574, ""longitude"": -89.033813, ""name"": ""Rochelle Technology Center"", ""net_count"": 1, ""state"": ""IL"", ""status"": ""ok"", ""updated"": ""2026-02-27T14:42:54Z"", ""website"": """"}"
17093,no_ixp,"{""available_voltage_services"": [""480 VAC""], ""city"": ""Mililani"", ""country"": ""US"", ""id"": 17093, ""ix_count"": 0, ""latitude"": 21.480922, ""longitude"": -158.019259, ""name"": ""Servpac MTP DC"", ""net_count"": 2, ""state"": ""HI"", ""status"": ""ok"", ""updated"": ""2026-05-20T11:17:33Z"", ""website"": ""https://servpac.com/""}"
17094,no_ixp,"{""available_voltage_services"": [""480 VAC""], ""city"": ""Honolulu"", ""country"": ""US"", ""id"": 17094, ""ix_count"": 0, ""latitude"": 21.331917, ""longitude"": -157.87825, ""name"": ""Servpac Puahale DC"", ""net_count"": 0, ""state"": ""HI"", ""status"": ""ok"", ""updated"": ""2026-05-20T11:17:52Z"", ""website"": ""https://servpac.com/""}"
17123,no_ixp,"{""available_voltage_services"": [""480 VAC""], ""city"": ""Lenoir City"", ""country"": ""US"", ""id"": 17123, ""ix_count"": 0, ""latitude"": 35.840815, ""longitude"": -84.265703, ""name"": ""LCUB Data Center"", ""net_count"": 0, ""state"": ""Tennessee"", ""status"": ""ok"", ""updated"": ""2026-04-28T17:34:11Z"", ""website"": ""https://www.lcub.com/""}"
17560,no_ixp,"{""available_voltage_services"": [""480 VAC""], ""city"": ""Cortez"", ""country"": ""US"", ""id"": 17560, ""ix_count"": 0, ""latitude"": 37.350392, ""longitude"": -108.558886, ""name"": ""2210Cortez LLC"", ""net_count"": 0, ""state"": ""Colorado"", ""status"": ""ok"", ""updated"": ""2026-09-23T01:35:56Z"", ""website"": """"}"
